1111111111110010
1111111111110010
1111111111110010
1111111111110010
1111111111110010
1111111111110010
1111111111110010
1111111111110010
1111111111110010
1111111111110010
1111111111110010
1111111111110010
1111111111110010
1111111111110010
1111111111110010
1111111111110010
1111111111110010
1111111111110010
1111111111110010
1111111111110010
1111111111110010
1111111111110010
1111111111110010
1111111111110010
1111111111110010
1111111111110010
1111111111110010
1111111111110010
1111111111110010
1111111111110010
1111111111110010
1111111111110010
1111111111110010
1111111111110010
1111111111110010
1111111111110010
1111111111110010
1111111111110010
1111111111110001
1111111111110001
1111111111110001
1111111111110001
1111111111110001
1111111111110001
1111111111110001
1111111111110001
1111111111110001
1111111111110001
1111111111110001
1111111111110001
1111111111110001
1111111111110001
1111111111110001
1111111111110001
1111111111110001
1111111111110001
1111111111110001
1111111111110001
1111111111110001
1111111111110000
1111111111110000
1111111111110000
1111111111110000
1111111111110000
1111111111110000
1111111111110000
1111111111110000
1111111111110000
1111111111110000
1111111111110000
1111111111110000
1111111111110000
1111111111110000
1111111111110000
1111111111101111
1111111111101111
1111111111101111
1111111111101111
1111111111101111
1111111111101111
1111111111101111
1111111111101111
1111111111101111
1111111111101111
1111111111101111
1111111111101111
1111111111101111
1111111111101110
1111111111101110
1111111111101110
1111111111101110
1111111111101110
1111111111101110
1111111111101110
1111111111101110
1111111111101110
1111111111101110
1111111111101110
1111111111101101
1111111111101101
1111111111101101
1111111111101101
1111111111101101
1111111111101101
1111111111101101
1111111111101101
1111111111101101
1111111111101100
1111111111101100
1111111111101100
1111111111101100
1111111111101100
1111111111101100
1111111111101100
1111111111101100
1111111111101100
1111111111101011
1111111111101011
1111111111101011
1111111111101011
1111111111101011
1111111111101011
1111111111101011
1111111111101011
1111111111101010
1111111111101010
1111111111101010
1111111111101010
1111111111101010
1111111111101010
1111111111101010
1111111111101010
1111111111101001
1111111111101001
1111111111101001
1111111111101001
1111111111101001
1111111111101001
1111111111101001
1111111111101000
1111111111101000
1111111111101000
1111111111101000
1111111111101000
1111111111101000
1111111111101000
1111111111100111
1111111111100111
1111111111100111
1111111111100111
1111111111100111
1111111111100111
1111111111100111
1111111111100110
1111111111100110
1111111111100110
1111111111100110
1111111111100110
1111111111100110
1111111111100101
1111111111100101
1111111111100101
1111111111100101
1111111111100101
1111111111100101
1111111111100100
1111111111100100
1111111111100100
1111111111100100
1111111111100100
1111111111100100
1111111111100011
1111111111100011
1111111111100011
1111111111100011
1111111111100011
1111111111100010
1111111111100010
1111111111100010
1111111111100010
1111111111100010
1111111111100001
1111111111100001
1111111111100001
1111111111100001
1111111111100001
1111111111100001
1111111111100000
1111111111100000
1111111111100000
1111111111100000
1111111111100000
1111111111011111
1111111111011111
1111111111011111
1111111111011111
1111111111011111
1111111111011110
1111111111011110
1111111111011110
1111111111011110
1111111111011101
1111111111011101
1111111111011101
1111111111011101
1111111111011101
1111111111011100
1111111111011100
1111111111011100
1111111111011100
1111111111011011
1111111111011011
1111111111011011
1111111111011011
1111111111011011
1111111111011010
1111111111011010
1111111111011010
1111111111011010
1111111111011001
1111111111011001
1111111111011001
1111111111011001
1111111111011000
1111111111011000
1111111111011000
1111111111011000
1111111111010111
1111111111010111
1111111111010111
1111111111010111
1111111111010110
1111111111010110
1111111111010110
1111111111010110
1111111111010101
1111111111010101
1111111111010101
1111111111010101
1111111111010100
1111111111010100
1111111111010100
1111111111010100
1111111111010011
1111111111010011
1111111111010011
1111111111010011
1111111111010010
1111111111010010
1111111111010010
1111111111010001
1111111111010001
1111111111010001
1111111111010001
1111111111010000
1111111111010000
1111111111010000
1111111111010000
1111111111001111
1111111111001111
1111111111001111
1111111111001110
1111111111001110
1111111111001110
1111111111001110
1111111111001101
1111111111001101
1111111111001101
1111111111001100
1111111111001100
1111111111001100
1111111111001011
1111111111001011
1111111111001011
1111111111001010
1111111111001010
1111111111001010
1111111111001010
1111111111001001
1111111111001001
1111111111001001
1111111111001000
1111111111001000
1111111111001000
1111111111000111
1111111111000111
1111111111000111
1111111111000110
1111111111000110
1111111111000110
1111111111000101
1111111111000101
1111111111000101
1111111111000100
1111111111000100
1111111111000100
1111111111000011
1111111111000011
1111111111000011
1111111111000010
1111111111000010
1111111111000010
1111111111000001
1111111111000001
1111111111000001
1111111111000000
1111111111000000
1111111111000000
1111111110111111
1111111110111111
1111111110111110
1111111110111110
1111111110111110
1111111110111101
1111111110111101
1111111110111101
1111111110111100
1111111110111100
1111111110111100
1111111110111011
1111111110111011
1111111110111010
1111111110111010
1111111110111010
1111111110111001
1111111110111001
1111111110111001
1111111110111000
1111111110111000
1111111110110111
1111111110110111
1111111110110111
1111111110110110
1111111110110110
1111111110110101
1111111110110101
1111111110110101
1111111110110100
1111111110110100
1111111110110011
1111111110110011
1111111110110011
1111111110110010
1111111110110010
1111111110110001
1111111110110001
1111111110110001
1111111110110000
1111111110110000
1111111110101111
1111111110101111
1111111110101110
1111111110101110
1111111110101110
1111111110101101
1111111110101101
1111111110101100
1111111110101100
1111111110101011
1111111110101011
1111111110101011
1111111110101010
1111111110101010
1111111110101001
1111111110101001
1111111110101000
1111111110101000
1111111110101000
1111111110100111
1111111110100111
1111111110100110
1111111110100110
1111111110100101
1111111110100101
1111111110100100
1111111110100100
1111111110100011
1111111110100011
1111111110100010
1111111110100010
1111111110100010
1111111110100001
1111111110100001
1111111110100000
1111111110100000
1111111110011111
1111111110011111
1111111110011110
1111111110011110
1111111110011101
1111111110011101
1111111110011100
1111111110011100
1111111110011011
1111111110011011
1111111110011010
1111111110011010
1111111110011001
1111111110011001
1111111110011000
1111111110011000
1111111110010111
1111111110010111
1111111110010110
1111111110010110
1111111110010101
1111111110010101
1111111110010100
1111111110010100
1111111110010011
1111111110010011
1111111110010010
1111111110010010
1111111110010001
1111111110010001
1111111110010000
1111111110001111
1111111110001111
1111111110001110
1111111110001110
1111111110001101
1111111110001101
1111111110001100
1111111110001100
1111111110001011
1111111110001011
1111111110001010
1111111110001001
1111111110001001
1111111110001000
1111111110001000
1111111110000111
1111111110000111
1111111110000110
1111111110000110
1111111110000101
1111111110000100
1111111110000100
1111111110000011
1111111110000011
1111111110000010
1111111110000010
1111111110000001
1111111110000000
1111111110000000
1111111101111111
1111111101111111
1111111101111110
1111111101111101
1111111101111101
1111111101111100
1111111101111100
1111111101111011
1111111101111010
1111111101111010
1111111101111001
1111111101111001
1111111101111000
1111111101110111
1111111101110111
1111111101110110
1111111101110110
1111111101110101
1111111101110100
1111111101110100
1111111101110011
1111111101110010
1111111101110010
1111111101110001
1111111101110001
1111111101110000
1111111101101111
1111111101101111
1111111101101110
1111111101101101
1111111101101101
1111111101101100
1111111101101011
1111111101101011
1111111101101010
1111111101101001
1111111101101001
1111111101101000
1111111101100111
1111111101100111
1111111101100110
1111111101100101
1111111101100101
1111111101100100
1111111101100011
1111111101100011
1111111101100010
1111111101100001
1111111101100001
1111111101100000
1111111101011111
1111111101011111
1111111101011110
1111111101011101
1111111101011101
1111111101011100
1111111101011011
1111111101011010
1111111101011010
1111111101011001
1111111101011000
1111111101011000
1111111101010111
1111111101010110
1111111101010101
1111111101010101
1111111101010100
1111111101010011
1111111101010011
1111111101010010
1111111101010001
1111111101010000
1111111101010000
1111111101001111
1111111101001110
1111111101001101
1111111101001101
1111111101001100
1111111101001011
1111111101001010
1111111101001010
1111111101001001
1111111101001000
1111111101000111
1111111101000111
1111111101000110
1111111101000101
1111111101000100
1111111101000100
1111111101000011
1111111101000010
1111111101000001
1111111101000001
1111111101000000
1111111100111111
1111111100111110
1111111100111101
1111111100111101
1111111100111100
1111111100111011
1111111100111010
1111111100111001
1111111100111001
1111111100111000
1111111100110111
1111111100110110
1111111100110101
1111111100110101
1111111100110100
1111111100110011
1111111100110010
1111111100110001
1111111100110001
1111111100110000
1111111100101111
1111111100101110
1111111100101101
1111111100101100
1111111100101100
1111111100101011
1111111100101010
1111111100101001
1111111100101000
1111111100100111
1111111100100110
1111111100100110
1111111100100101
1111111100100100
1111111100100011
1111111100100010
1111111100100001
1111111100100000
1111111100100000
1111111100011111
1111111100011110
1111111100011101
1111111100011100
1111111100011011
1111111100011010
1111111100011001
1111111100011001
1111111100011000
1111111100010111
1111111100010110
1111111100010101
1111111100010100
1111111100010011
1111111100010010
1111111100010001
1111111100010000
1111111100001111
1111111100001111
1111111100001110
1111111100001101
1111111100001100
1111111100001011
1111111100001010
1111111100001001
1111111100001000
1111111100000111
1111111100000110
1111111100000101
1111111100000100
1111111100000011
1111111100000010
1111111100000010
1111111100000001
1111111100000000
1111111011111111
1111111011111110
1111111011111101
1111111011111100
1111111011111011
1111111011111010
1111111011111001
1111111011111000
1111111011110111
1111111011110110
1111111011110101
1111111011110100
1111111011110011
1111111011110010
1111111011110001
1111111011110000
1111111011101111
1111111011101110
1111111011101101
1111111011101100
1111111011101011
1111111011101010
1111111011101001
1111111011101000
1111111011100111
1111111011100110
1111111011100101
1111111011100100
1111111011100011
1111111011100010
1111111011100001
1111111011100000
1111111011011111
1111111011011110
1111111011011101
1111111011011100
1111111011011011
1111111011011001
1111111011011000
1111111011010111
1111111011010110
1111111011010101
1111111011010100
1111111011010011
1111111011010010
1111111011010001
1111111011010000
1111111011001111
1111111011001110
1111111011001101
1111111011001100
1111111011001010
1111111011001001
1111111011001000
1111111011000111
1111111011000110
1111111011000101
1111111011000100
1111111011000011
1111111011000010
1111111011000001
1111111010111111
1111111010111110
1111111010111101
1111111010111100
1111111010111011
1111111010111010
1111111010111001
1111111010111000
1111111010110110
1111111010110101
1111111010110100
1111111010110011
1111111010110010
1111111010110001
1111111010110000
1111111010101110
1111111010101101
1111111010101100
1111111010101011
1111111010101010
1111111010101001
1111111010100111
1111111010100110
1111111010100101
1111111010100100
1111111010100011
1111111010100010
1111111010100000
1111111010011111
1111111010011110
1111111010011101
1111111010011100
1111111010011010
1111111010011001
1111111010011000
1111111010010111
1111111010010110
1111111010010100
1111111010010011
1111111010010010
1111111010010001
1111111010010000
1111111010001110
1111111010001101
1111111010001100
1111111010001011
1111111010001001
1111111010001000
1111111010000111
1111111010000110
1111111010000100
1111111010000011
1111111010000010
1111111010000001
1111111001111111
1111111001111110
1111111001111101
1111111001111100
1111111001111010
1111111001111001
1111111001111000
1111111001110110
1111111001110101
1111111001110100
1111111001110011
1111111001110001
1111111001110000
1111111001101111
1111111001101101
1111111001101100
1111111001101011
1111111001101010
1111111001101000
1111111001100111
1111111001100110
1111111001100100
1111111001100011
1111111001100010
1111111001100000
1111111001011111
1111111001011110
1111111001011100
1111111001011011
1111111001011010
1111111001011000
1111111001010111
1111111001010110
1111111001010100
1111111001010011
1111111001010010
1111111001010000
1111111001001111
1111111001001101
1111111001001100
1111111001001011
1111111001001001
1111111001001000
1111111001000111
1111111001000101
1111111001000100
1111111001000010
1111111001000001
1111111001000000
1111111000111110
1111111000111101
1111111000111011
1111111000111010
1111111000111001
1111111000110111
1111111000110110
1111111000110100
1111111000110011
1111111000110010
1111111000110000
1111111000101111
1111111000101101
1111111000101100
1111111000101010
1111111000101001
1111111000101000
1111111000100110
1111111000100101
1111111000100011
1111111000100010
1111111000100000
1111111000011111
1111111000011101
1111111000011100
1111111000011010
1111111000011001
1111111000010111
1111111000010110
1111111000010101
1111111000010011
1111111000010010
1111111000010000
1111111000001111
1111111000001101
1111111000001100
1111111000001010
1111111000001001
1111111000000111
1111111000000110
1111111000000100
1111111000000011
1111111000000001
1111111000000000
1111110111111110
1111110111111100
1111110111111011
1111110111111001
1111110111111000
1111110111110110
1111110111110101
1111110111110011
1111110111110010
1111110111110000
1111110111101111
1111110111101101
1111110111101100
1111110111101010
1111110111101000
1111110111100111
1111110111100101
1111110111100100
1111110111100010
1111110111100001
1111110111011111
1111110111011101
1111110111011100
1111110111011010
1111110111011001
1111110111010111
1111110111010101
1111110111010100
1111110111010010
1111110111010001
1111110111001111
1111110111001101
1111110111001100
1111110111001010
1111110111001001
1111110111000111
1111110111000101
1111110111000100
1111110111000010
1111110111000000
1111110110111111
1111110110111101
1111110110111100
1111110110111010
1111110110111000
1111110110110111
1111110110110101
1111110110110011
1111110110110010
1111110110110000
1111110110101110
1111110110101101
1111110110101011
1111110110101001
1111110110101000
1111110110100110
1111110110100100
1111110110100011
1111110110100001
1111110110011111
1111110110011110
1111110110011100
1111110110011010
1111110110011000
1111110110010111
1111110110010101
1111110110010011
1111110110010010
1111110110010000
1111110110001110
1111110110001100
1111110110001011
1111110110001001
1111110110000111
1111110110000110
1111110110000100
1111110110000010
1111110110000000
1111110101111111
1111110101111101
1111110101111011
1111110101111001
1111110101111000
1111110101110110
1111110101110100
1111110101110010
1111110101110001
1111110101101111
1111110101101101
1111110101101011
1111110101101001
1111110101101000
1111110101100110
1111110101100100
1111110101100010
1111110101100000
1111110101011111
1111110101011101
1111110101011011
1111110101011001
1111110101010111
1111110101010110
1111110101010100
1111110101010010
1111110101010000
1111110101001110
1111110101001101
1111110101001011
1111110101001001
1111110101000111
1111110101000101
1111110101000011
1111110101000010
1111110101000000
1111110100111110
1111110100111100
1111110100111010
1111110100111000
1111110100110111
1111110100110101
1111110100110011
1111110100110001
1111110100101111
1111110100101101
1111110100101011
1111110100101001
1111110100101000
1111110100100110
1111110100100100
1111110100100010
1111110100100000
1111110100011110
1111110100011100
1111110100011010
1111110100011000
1111110100010111
1111110100010101
1111110100010011
1111110100010001
1111110100001111
1111110100001101
1111110100001011
1111110100001001
1111110100000111
1111110100000101
1111110100000011
1111110100000010
1111110100000000
1111110011111110
1111110011111100
1111110011111010
1111110011111000
1111110011110110
1111110011110100
1111110011110010
1111110011110000
1111110011101110
1111110011101100
1111110011101010
1111110011101000
1111110011100110
1111110011100100
1111110011100010
1111110011100000
1111110011011110
1111110011011100
1111110011011010
1111110011011000
1111110011010110
1111110011010100
1111110011010010
1111110011010000
1111110011001110
1111110011001100
1111110011001010
1111110011001000
1111110011000110
1111110011000100
1111110011000010
1111110011000000
1111110010111110
1111110010111100
1111110010111010
1111110010111000
1111110010110110
1111110010110100
1111110010110010
1111110010110000
1111110010101110
1111110010101100
1111110010101010
1111110010101000
1111110010100110
1111110010100100
1111110010100010
1111110010100000
1111110010011110
1111110010011100
1111110010011010
1111110010010111
1111110010010101
1111110010010011
1111110010010001
1111110010001111
1111110010001101
1111110010001011
1111110010001001
1111110010000111
1111110010000101
1111110010000011
1111110010000001
1111110001111110
1111110001111100
1111110001111010
1111110001111000
1111110001110110
1111110001110100
1111110001110010
1111110001110000
1111110001101110
1111110001101100
1111110001101001
1111110001100111
1111110001100101
1111110001100011
1111110001100001
1111110001011111
1111110001011101
1111110001011011
1111110001011000
1111110001010110
1111110001010100
1111110001010010
1111110001010000
1111110001001110
1111110001001100
1111110001001001
1111110001000111
1111110001000101
1111110001000011
1111110001000001
1111110000111111
1111110000111100
1111110000111010
1111110000111000
1111110000110110
1111110000110100
1111110000110010
1111110000101111
1111110000101101
1111110000101011
1111110000101001
1111110000100111
1111110000100100
1111110000100010
1111110000100000
1111110000011110
1111110000011100
1111110000011001
1111110000010111
1111110000010101
1111110000010011
1111110000010001
1111110000001110
1111110000001100
1111110000001010
1111110000001000
1111110000000110
1111110000000011
1111110000000001
1111101111111111
1111101111111101
1111101111111010
1111101111111000
1111101111110110
1111101111110100
1111101111110001
1111101111101111
1111101111101101
1111101111101011
1111101111101000
1111101111100110
1111101111100100
1111101111100010
1111101111011111
1111101111011101
1111101111011011
1111101111011001
1111101111010110
1111101111010100
1111101111010010
1111101111010000
1111101111001101
1111101111001011
1111101111001001
1111101111000111
1111101111000100
1111101111000010
1111101111000000
1111101110111101
1111101110111011
1111101110111001
1111101110110111
1111101110110100
1111101110110010
1111101110110000
1111101110101101
1111101110101011
1111101110101001
1111101110100110
1111101110100100
1111101110100010
1111101110100000
1111101110011101
1111101110011011
1111101110011001
1111101110010110
1111101110010100
1111101110010010
1111101110001111
1111101110001101
1111101110001011
1111101110001000
1111101110000110
1111101110000100
1111101110000001
1111101101111111
1111101101111101
1111101101111010
1111101101111000
1111101101110110
1111101101110011
1111101101110001
1111101101101111
1111101101101100
1111101101101010
1111101101101000
1111101101100101
1111101101100011
1111101101100001
1111101101011110
1111101101011100
1111101101011010
1111101101010111
1111101101010101
1111101101010011
1111101101010000
1111101101001110
1111101101001100
1111101101001001
1111101101000111
1111101101000100
1111101101000010
1111101101000000
1111101100111101
1111101100111011
1111101100111001
1111101100110110
1111101100110100
1111101100110001
1111101100101111
1111101100101101
1111101100101010
1111101100101000
1111101100100110
1111101100100011
1111101100100001
1111101100011110
1111101100011100
1111101100011010
1111101100010111
1111101100010101
1111101100010010
1111101100010000
1111101100001110
1111101100001011
1111101100001001
1111101100000110
1111101100000100
1111101100000010
1111101011111111
1111101011111101
1111101011111010
1111101011111000
1111101011110110
1111101011110011
1111101011110001
1111101011101110
1111101011101100
1111101011101010
1111101011100111
1111101011100101
1111101011100010
1111101011100000
1111101011011110
1111101011011011
1111101011011001
1111101011010110
1111101011010100
1111101011010001
1111101011001111
1111101011001101
1111101011001010
1111101011001000
1111101011000101
1111101011000011
1111101011000001
1111101010111110
1111101010111100
1111101010111001
1111101010110111
1111101010110100
1111101010110010
1111101010110000
1111101010101101
1111101010101011
1111101010101000
1111101010100110
1111101010100011
1111101010100001
1111101010011110
1111101010011100
1111101010011010
1111101010010111
1111101010010101
1111101010010010
1111101010010000
1111101010001101
1111101010001011
1111101010001001
1111101010000110
1111101010000100
1111101010000001
1111101001111111
1111101001111100
1111101001111010
1111101001110111
1111101001110101
1111101001110011
1111101001110000
1111101001101110
1111101001101011
1111101001101001
1111101001100110
1111101001100100
1111101001100010
1111101001011111
1111101001011101
1111101001011010
1111101001011000
1111101001010101
1111101001010011
1111101001010000
1111101001001110
1111101001001011
1111101001001001
1111101001000111
1111101001000100
1111101001000010
1111101000111111
1111101000111101
1111101000111010
1111101000111000
1111101000110101
1111101000110011
1111101000110001
1111101000101110
1111101000101100
1111101000101001
1111101000100111
1111101000100100
1111101000100010
1111101000011111
1111101000011101
1111101000011011
1111101000011000
1111101000010110
1111101000010011
1111101000010001
1111101000001110
1111101000001100
1111101000001001
1111101000000111
1111101000000101
1111101000000010
1111101000000000
1111100111111101
1111100111111011
1111100111111000
1111100111110110
1111100111110011
1111100111110001
1111100111101111
1111100111101100
1111100111101010
1111100111100111
1111100111100101
1111100111100010
1111100111100000
1111100111011110
1111100111011011
1111100111011001
1111100111010110
1111100111010100
1111100111010001
1111100111001111
1111100111001100
1111100111001010
1111100111001000
1111100111000101
1111100111000011
1111100111000000
1111100110111110
1111100110111011
1111100110111001
1111100110110111
1111100110110100
1111100110110010
1111100110101111
1111100110101101
1111100110101010
1111100110101000
1111100110100110
1111100110100011
1111100110100001
1111100110011110
1111100110011100
1111100110011010
1111100110010111
1111100110010101
1111100110010010
1111100110010000
1111100110001101
1111100110001011
1111100110001001
1111100110000110
1111100110000100
1111100110000001
1111100101111111
1111100101111101
1111100101111010
1111100101111000
1111100101110101
1111100101110011
1111100101110001
1111100101101110
1111100101101100
1111100101101001
1111100101100111
1111100101100101
1111100101100010
1111100101100000
1111100101011101
1111100101011011
1111100101011001
1111100101010110
1111100101010100
1111100101010010
1111100101001111
1111100101001101
1111100101001010
1111100101001000
1111100101000110
1111100101000011
1111100101000001
1111100100111111
1111100100111100
1111100100111010
1111100100110111
1111100100110101
1111100100110011
1111100100110000
1111100100101110
1111100100101100
1111100100101001
1111100100100111
1111100100100101
1111100100100010
1111100100100000
1111100100011110
1111100100011011
1111100100011001
1111100100010111
1111100100010100
1111100100010010
1111100100010000
1111100100001101
1111100100001011
1111100100001001
1111100100000110
1111100100000100
1111100100000010
1111100011111111
1111100011111101
1111100011111011
1111100011111000
1111100011110110
1111100011110100
1111100011110001
1111100011101111
1111100011101101
1111100011101011
1111100011101000
1111100011100110
1111100011100100
1111100011100001
1111100011011111
1111100011011101
1111100011011011
1111100011011000
1111100011010110
1111100011010100
1111100011010010
1111100011001111
1111100011001101
1111100011001011
1111100011001000
1111100011000110
1111100011000100
1111100011000010
1111100010111111
1111100010111101
1111100010111011
1111100010111001
1111100010110110
1111100010110100
1111100010110010
1111100010110000
1111100010101110
1111100010101011
1111100010101001
1111100010100111
1111100010100101
1111100010100010
1111100010100000
1111100010011110
1111100010011100
1111100010011010
1111100010010111
1111100010010101
1111100010010011
1111100010010001
1111100010001111
1111100010001101
1111100010001010
1111100010001000
1111100010000110
1111100010000100
1111100010000010
1111100001111111
1111100001111101
1111100001111011
1111100001111001
1111100001110111
1111100001110101
1111100001110011
1111100001110000
1111100001101110
1111100001101100
1111100001101010
1111100001101000
1111100001100110
1111100001100100
1111100001100010
1111100001011111
1111100001011101
1111100001011011
1111100001011001
1111100001010111
1111100001010101
1111100001010011
1111100001010001
1111100001001111
1111100001001101
1111100001001011
1111100001001001
1111100001000110
1111100001000100
1111100001000010
1111100001000000
1111100000111110
1111100000111100
1111100000111010
1111100000111000
1111100000110110
1111100000110100
1111100000110010
1111100000110000
1111100000101110
1111100000101100
1111100000101010
1111100000101000
1111100000100110
1111100000100100
1111100000100010
1111100000100000
1111100000011110
1111100000011100
1111100000011010
1111100000011000
1111100000010110
1111100000010100
1111100000010010
1111100000010000
1111100000001110
1111100000001100
1111100000001010
1111100000001000
1111100000000111
1111100000000101
1111100000000011
1111100000000001
1111011111111111
1111011111111101
1111011111111011
1111011111111001
1111011111110111
1111011111110101
1111011111110100
1111011111110010
1111011111110000
1111011111101110
1111011111101100
1111011111101010
1111011111101000
1111011111100111
1111011111100101
1111011111100011
1111011111100001
1111011111011111
1111011111011101
1111011111011100
1111011111011010
1111011111011000
1111011111010110
1111011111010100
1111011111010011
1111011111010001
1111011111001111
1111011111001101
1111011111001011
1111011111001010
1111011111001000
1111011111000110
1111011111000100
1111011111000011
1111011111000001
1111011110111111
1111011110111101
1111011110111100
1111011110111010
1111011110111000
1111011110110111
1111011110110101
1111011110110011
1111011110110010
1111011110110000
1111011110101110
1111011110101101
1111011110101011
1111011110101001
1111011110101000
1111011110100110
1111011110100100
1111011110100011
1111011110100001
1111011110011111
1111011110011110
1111011110011100
1111011110011011
1111011110011001
1111011110010111
1111011110010110
1111011110010100
1111011110010011
1111011110010001
1111011110010000
1111011110001110
1111011110001100
1111011110001011
1111011110001001
1111011110001000
1111011110000110
1111011110000101
1111011110000011
1111011110000010
1111011110000000
1111011101111111
1111011101111101
1111011101111100
1111011101111010
1111011101111001
1111011101110111
1111011101110110
1111011101110101
1111011101110011
1111011101110010
1111011101110000
1111011101101111
1111011101101110
1111011101101100
1111011101101011
1111011101101001
1111011101101000
1111011101100111
1111011101100101
1111011101100100
1111011101100011
1111011101100001
1111011101100000
1111011101011110
1111011101011101
1111011101011100
1111011101011011
1111011101011001
1111011101011000
1111011101010111
1111011101010101
1111011101010100
1111011101010011
1111011101010010
1111011101010000
1111011101001111
1111011101001110
1111011101001101
1111011101001011
1111011101001010
1111011101001001
1111011101001000
1111011101000111
1111011101000101
1111011101000100
1111011101000011
1111011101000010
1111011101000001
1111011101000000
1111011100111111
1111011100111101
1111011100111100
1111011100111011
1111011100111010
1111011100111001
1111011100111000
1111011100110111
1111011100110110
1111011100110101
1111011100110100
1111011100110011
1111011100110010
1111011100110001
1111011100110000
1111011100101110
1111011100101101
1111011100101100
1111011100101100
1111011100101011
1111011100101010
1111011100101001
1111011100101000
1111011100100111
1111011100100110
1111011100100101
1111011100100100
1111011100100011
1111011100100010
1111011100100001
1111011100100000
1111011100011111
1111011100011111
1111011100011110
1111011100011101
1111011100011100
1111011100011011
1111011100011010
1111011100011010
1111011100011001
1111011100011000
1111011100010111
1111011100010110
1111011100010110
1111011100010101
1111011100010100
1111011100010011
1111011100010011
1111011100010010
1111011100010001
1111011100010001
1111011100010000
1111011100001111
1111011100001110
1111011100001110
1111011100001101
1111011100001100
1111011100001100
1111011100001011
1111011100001011
1111011100001010
1111011100001001
1111011100001001
1111011100001000
1111011100001000
1111011100000111
1111011100000111
1111011100000110
1111011100000101
1111011100000101
1111011100000100
1111011100000100
1111011100000011
1111011100000011
1111011100000010
1111011100000010
1111011100000010
1111011100000001
1111011100000001
1111011100000000
1111011100000000
1111011011111111
1111011011111111
1111011011111111
1111011011111110
1111011011111110
1111011011111110
1111011011111101
1111011011111101
1111011011111101
1111011011111100
1111011011111100
1111011011111100
1111011011111011
1111011011111011
1111011011111011
1111011011111011
1111011011111010
1111011011111010
1111011011111010
1111011011111010
1111011011111001
1111011011111001
1111011011111001
1111011011111001
1111011011111001
1111011011111001
1111011011111001
1111011011111000
1111011011111000
1111011011111000
1111011011111000
1111011011111000
1111011011111000
1111011011111000
1111011011111000
1111011011111000
1111011011111000
1111011011111000
1111011011111000
1111011011111000
1111011011111000
1111011011111000
1111011011111000
1111011011111000
1111011011111000
1111011011111000
1111011011111000
1111011011111000
1111011011111001
1111011011111001
1111011011111001
1111011011111001
1111011011111001
1111011011111001
1111011011111001
1111011011111010
1111011011111010
1111011011111010
1111011011111010
1111011011111011
1111011011111011
1111011011111011
1111011011111011
1111011011111100
1111011011111100
1111011011111100
1111011011111101
1111011011111101
1111011011111101
1111011011111110
1111011011111110
1111011011111110
1111011011111111
1111011011111111
1111011100000000
1111011100000000
1111011100000001
1111011100000001
1111011100000010
1111011100000010
1111011100000011
1111011100000011
1111011100000100
1111011100000100
1111011100000101
1111011100000101
1111011100000110
1111011100000110
1111011100000111
1111011100001000
1111011100001000
1111011100001001
1111011100001010
1111011100001010
1111011100001011
1111011100001100
1111011100001100
1111011100001101
1111011100001110
1111011100001111
1111011100001111
1111011100010000
1111011100010001
1111011100010010
1111011100010010
1111011100010011
1111011100010100
1111011100010101
1111011100010110
1111011100010111
1111011100011000
1111011100011001
1111011100011001
1111011100011010
1111011100011011
1111011100011100
1111011100011101
1111011100011110
1111011100011111
1111011100100000
1111011100100001
1111011100100010
1111011100100011
1111011100100100
1111011100100110
1111011100100111
1111011100101000
1111011100101001
1111011100101010
1111011100101011
1111011100101100
1111011100101101
1111011100101111
1111011100110000
1111011100110001
1111011100110010
1111011100110100
1111011100110101
1111011100110110
1111011100110111
1111011100111001
1111011100111010
1111011100111011
1111011100111101
1111011100111110
1111011100111111
1111011101000001
1111011101000010
1111011101000100
1111011101000101
1111011101000111
1111011101001000
1111011101001010
1111011101001011
1111011101001101
1111011101001110
1111011101010000
1111011101010001
1111011101010011
1111011101010100
1111011101010110
1111011101011000
1111011101011001
1111011101011011
1111011101011100
1111011101011110
1111011101100000
1111011101100010
1111011101100011
1111011101100101
1111011101100111
1111011101101001
1111011101101010
1111011101101100
1111011101101110
1111011101110000
1111011101110010
1111011101110011
1111011101110101
1111011101110111
1111011101111001
1111011101111011
1111011101111101
1111011101111111
1111011110000001
1111011110000011
1111011110000101
1111011110000111
1111011110001001
1111011110001011
1111011110001101
1111011110001111
1111011110010001
1111011110010011
1111011110010101
1111011110011000
1111011110011010
1111011110011100
1111011110011110
1111011110100000
1111011110100010
1111011110100101
1111011110100111
1111011110101001
1111011110101011
1111011110101110
1111011110110000
1111011110110010
1111011110110101
1111011110110111
1111011110111010
1111011110111100
1111011110111110
1111011111000001
1111011111000011
1111011111000110
1111011111001000
1111011111001011
1111011111001101
1111011111010000
1111011111010010
1111011111010101
1111011111010111
1111011111011010
1111011111011101
1111011111011111
1111011111100010
1111011111100101
1111011111100111
1111011111101010
1111011111101101
1111011111101111
1111011111110010
1111011111110101
1111011111111000
1111011111111011
1111011111111101
1111100000000000
1111100000000011
1111100000000110
1111100000001001
1111100000001100
1111100000001111
1111100000010010
1111100000010100
1111100000010111
1111100000011010
1111100000011101
1111100000100000
1111100000100100
1111100000100111
1111100000101010
1111100000101101
1111100000110000
1111100000110011
1111100000110110
1111100000111001
1111100000111101
1111100001000000
1111100001000011
1111100001000110
1111100001001001
1111100001001101
1111100001010000
1111100001010011
1111100001010111
1111100001011010
1111100001011101
1111100001100001
1111100001100100
1111100001101000
1111100001101011
1111100001101110
1111100001110010
1111100001110101
1111100001111001
1111100001111100
1111100010000000
1111100010000100
1111100010000111
1111100010001011
1111100010001110
1111100010010010
1111100010010110
1111100010011001
1111100010011101
1111100010100001
1111100010100100
1111100010101000
1111100010101100
1111100010110000
1111100010110100
1111100010110111
1111100010111011
1111100010111111
1111100011000011
1111100011000111
1111100011001011
1111100011001111
1111100011010011
1111100011010111
1111100011011011
1111100011011111
1111100011100011
1111100011100111
1111100011101011
1111100011101111
1111100011110011
1111100011110111
1111100011111011
1111100011111111
1111100100000100
1111100100001000
1111100100001100
1111100100010000
1111100100010101
1111100100011001
1111100100011101
1111100100100001
1111100100100110
1111100100101010
1111100100101111
1111100100110011
1111100100110111
1111100100111100
1111100101000000
1111100101000101
1111100101001001
1111100101001110
1111100101010010
1111100101010111
1111100101011011
1111100101100000
1111100101100101
1111100101101001
1111100101101110
1111100101110011
1111100101110111
1111100101111100
1111100110000001
1111100110000101
1111100110001010
1111100110001111
1111100110010100
1111100110011001
1111100110011110
1111100110100010
1111100110100111
1111100110101100
1111100110110001
1111100110110110
1111100110111011
1111100111000000
1111100111000101
1111100111001010
1111100111001111
1111100111010100
1111100111011001
1111100111011110
1111100111100100
1111100111101001
1111100111101110
1111100111110011
1111100111111000
1111100111111110
1111101000000011
1111101000001000
1111101000001101
1111101000010011
1111101000011000
1111101000011110
1111101000100011
1111101000101000
1111101000101110
1111101000110011
1111101000111001
1111101000111110
1111101001000100
1111101001001001
1111101001001111
1111101001010100
1111101001011010
1111101001100000
1111101001100101
1111101001101011
1111101001110001
1111101001110110
1111101001111100
1111101010000010
1111101010000111
1111101010001101
1111101010010011
1111101010011001
1111101010011111
1111101010100101
1111101010101011
1111101010110000
1111101010110110
1111101010111100
1111101011000010
1111101011001000
1111101011001110
1111101011010100
1111101011011010
1111101011100001
1111101011100111
1111101011101101
1111101011110011
1111101011111001
1111101011111111
1111101100000110
1111101100001100
1111101100010010
1111101100011000
1111101100011111
1111101100100101
1111101100101011
1111101100110010
1111101100111000
1111101100111110
1111101101000101
1111101101001011
1111101101010010
1111101101011000
1111101101011111
1111101101100101
1111101101101100
1111101101110011
1111101101111001
1111101110000000
1111101110000111
1111101110001101
1111101110010100
1111101110011011
1111101110100001
1111101110101000
1111101110101111
1111101110110110
1111101110111101
1111101111000011
1111101111001010
1111101111010001
1111101111011000
1111101111011111
1111101111100110
1111101111101101
1111101111110100
1111101111111011
1111110000000010
1111110000001001
1111110000010000
1111110000011000
1111110000011111
1111110000100110
1111110000101101
1111110000110100
1111110000111100
1111110001000011
1111110001001010
1111110001010001
1111110001011001
1111110001100000
1111110001100111
1111110001101111
1111110001110110
1111110001111110
1111110010000101
1111110010001101
1111110010010100
1111110010011100
1111110010100011
1111110010101011
1111110010110011
1111110010111010
1111110011000010
1111110011001010
1111110011010001
1111110011011001
1111110011100001
1111110011101000
1111110011110000
1111110011111000
1111110100000000
1111110100001000
1111110100010000
1111110100011000
1111110100100000
1111110100101000
1111110100101111
1111110100111000
1111110101000000
1111110101001000
1111110101010000
1111110101011000
1111110101100000
1111110101101000
1111110101110000
1111110101111000
1111110110000001
1111110110001001
1111110110010001
1111110110011001
1111110110100010
1111110110101010
1111110110110010
1111110110111011
1111110111000011
1111110111001100
1111110111010100
1111110111011101
1111110111100101
1111110111101110
1111110111110110
1111110111111111
1111111000000111
1111111000010000
1111111000011001
1111111000100001
1111111000101010
1111111000110011
1111111000111011
1111111001000100
1111111001001101
1111111001010110
1111111001011111
1111111001101000
1111111001110000
1111111001111001
1111111010000010
1111111010001011
1111111010010100
1111111010011101
1111111010100110
1111111010101111
1111111010111000
1111111011000010
1111111011001011
1111111011010100
1111111011011101
1111111011100110
1111111011101111
1111111011111001
1111111100000010
1111111100001011
1111111100010101
1111111100011110
1111111100100111
1111111100110001
1111111100111010
1111111101000100
1111111101001101
1111111101010111
1111111101100000
1111111101101010
1111111101110011
1111111101111101
1111111110000110
1111111110010000
1111111110011010
1111111110100011
1111111110101101
1111111110110111
1111111111000001
1111111111001010
1111111111010100
1111111111011110
1111111111101000
1111111111110010
1111111111111100
0000000000000110
0000000000010000
0000000000011010
0000000000100100
0000000000101110
0000000000111000
0000000001000010
0000000001001100
0000000001010110
0000000001100000
0000000001101010
0000000001110101
0000000001111111
0000000010001001
0000000010010011
0000000010011110
0000000010101000
0000000010110010
0000000010111101
0000000011000111
0000000011010010
0000000011011100
0000000011100111
0000000011110001
0000000011111100
0000000100000110
0000000100010001
0000000100011011
0000000100100110
0000000100110001
0000000100111011
0000000101000110
0000000101010001
0000000101011100
0000000101100110
0000000101110001
0000000101111100
0000000110000111
0000000110010010
0000000110011101
0000000110101000
0000000110110011
0000000110111110
0000000111001001
0000000111010100
0000000111011111
0000000111101010
0000000111110101
0000001000000000
0000001000001011
0000001000010111
0000001000100010
0000001000101101
0000001000111000
0000001001000100
0000001001001111
0000001001011010
0000001001100110
0000001001110001
0000001001111100
0000001010001000
0000001010010011
0000001010011111
0000001010101010
0000001010110110
0000001011000001
0000001011001101
0000001011011001
0000001011100100
0000001011110000
0000001011111100
0000001100000111
0000001100010011
0000001100011111
0000001100101011
0000001100110111
0000001101000010
0000001101001110
0000001101011010
0000001101100110
0000001101110010
0000001101111110
0000001110001010
0000001110010110
0000001110100010
0000001110101110
0000001110111010
0000001111000111
0000001111010011
0000001111011111
0000001111101011
0000001111110111
0000010000000100
0000010000010000
0000010000011100
0000010000101001
0000010000110101
0000010001000001
0000010001001110
0000010001011010
0000010001100111
0000010001110011
0000010010000000
0000010010001100
0000010010011001
0000010010100101
0000010010110010
0000010010111111
0000010011001011
0000010011011000
0000010011100101
0000010011110010
0000010011111110
0000010100001011
0000010100011000
0000010100100101
0000010100110010
0000010100111111
0000010101001100
0000010101011001
0000010101100110
0000010101110011
0000010110000000
0000010110001101
0000010110011010
0000010110100111
0000010110110100
0000010111000001
0000010111001110
0000010111011100
0000010111101001
0000010111110110
0000011000000011
0000011000010001
0000011000011110
0000011000101011
0000011000111001
0000011001000110
0000011001010100
0000011001100001
0000011001101111
0000011001111100
0000011010001010
0000011010010111
0000011010100101
0000011010110011
0000011011000000
0000011011001110
0000011011011100
0000011011101001
0000011011110111
0000011100000101
0000011100010011
0000011100100001
0000011100101110
0000011100111100
0000011101001010
0000011101011000
0000011101100110
0000011101110100
0000011110000010
0000011110010000
0000011110011110
0000011110101100
0000011110111011
0000011111001001
0000011111010111
0000011111100101
0000011111110011
0000100000000010
0000100000010000
0000100000011110
0000100000101101
0000100000111011
0000100001001001
0000100001011000
0000100001100110
0000100001110101
0000100010000011
0000100010010010
0000100010100000
0000100010101111
0000100010111101
0000100011001100
0000100011011011
0000100011101001
0000100011111000
0000100100000111
0000100100010101
0000100100100100
0000100100110011
0000100101000010
0000100101010001
0000100101011111
0000100101101110
0000100101111101
0000100110001100
0000100110011011
0000100110101010
0000100110111001
0000100111001000
0000100111010111
0000100111100111
0000100111110110
0000101000000101
0000101000010100
0000101000100011
0000101000110010
0000101001000010
0000101001010001
0000101001100000
0000101001110000
0000101001111111
0000101010001110
0000101010011110
0000101010101101
0000101010111101
0000101011001100
0000101011011100
0000101011101011
0000101011111011
0000101100001010
0000101100011010
0000101100101010
0000101100111001
0000101101001001
0000101101011001
0000101101101001
0000101101111000
0000101110001000
0000101110011000
0000101110101000
0000101110111000
0000101111001000
0000101111011000
0000101111101000
0000101111111000
0000110000001000
0000110000011000
0000110000101000
0000110000111000
0000110001001000
0000110001011000
0000110001101000
0000110001111000
0000110010001001
0000110010011001
0000110010101001
0000110010111001
0000110011001010
0000110011011010
0000110011101010
0000110011111011
0000110100001011
0000110100011100
0000110100101100
0000110100111101
0000110101001101
0000110101011110
0000110101101110
0000110101111111
0000110110001111
0000110110100000
0000110110110001
0000110111000001
0000110111010010
0000110111100011
0000110111110100
0000111000000100
0000111000010101
0000111000100110
0000111000110111
0000111001001000
0000111001011001
0000111001101010
0000111001111011
0000111010001100
0000111010011101
0000111010101110
0000111010111111
0000111011010000
0000111011100001
0000111011110010
0000111100000011
0000111100010101
0000111100100110
0000111100110111
0000111101001000
0000111101011010
0000111101101011
0000111101111100
0000111110001110
0000111110011111
0000111110110001
0000111111000010
0000111111010011
0000111111100101
0000111111110110
0001000000001000
0001000000011010
0001000000101011
0001000000111101
0001000001001110
0001000001100000
0001000001110010
0001000010000100
0001000010010101
0001000010100111
0001000010111001
0001000011001011
0001000011011101
0001000011101110
0001000100000000
0001000100010010
0001000100100100
0001000100110110
0001000101001000
0001000101011010
0001000101101100
0001000101111110
0001000110010000
0001000110100011
0001000110110101
0001000111000111
0001000111011001
0001000111101011
0001000111111101
0001001000010000
0001001000100010
0001001000110100
0001001001000111
0001001001011001
0001001001101011
0001001001111110
0001001010010000
0001001010100011
0001001010110101
0001001011001000
0001001011011010
0001001011101101
0001001011111111
0001001100010010
0001001100100101
0001001100110111
0001001101001010
0001001101011101
0001001101101111
0001001110000010
0001001110010101
0001001110101000
0001001110111011
0001001111001101
0001001111100000
0001001111110011
0001010000000110
0001010000011001
0001010000101100
0001010000111111
0001010001010010
0001010001100101
0001010001111000
0001010010001011
0001010010011110
0001010010110001
0001010011000101
0001010011011000
0001010011101011
0001010011111110
0001010100010001
0001010100100101
0001010100111000
0001010101001011
0001010101011111
0001010101110010
0001010110000101
0001010110011001
0001010110101100
0001010111000000
0001010111010011
0001010111100111
0001010111111010
0001011000001110
0001011000100001
0001011000110101
0001011001001001
0001011001011100
0001011001110000
0001011010000100
0001011010010111
0001011010101011
0001011010111111
0001011011010011
0001011011100111
0001011011111010
0001011100001110
0001011100100010
0001011100110110
0001011101001010
0001011101011110
0001011101110010
0001011110000110
0001011110011010
0001011110101110
0001011111000010
0001011111010110
0001011111101010
0001011111111110
0001100000010011
0001100000100111
0001100000111011
0001100001001111
0001100001100011
0001100001111000
0001100010001100
0001100010100000
0001100010110101
0001100011001001
0001100011011101
0001100011110010
0001100100000110
0001100100011011
0001100100101111
0001100101000100
0001100101011000
0001100101101101
0001100110000001
0001100110010110
0001100110101010
0001100110111111
0001100111010100
0001100111101000
0001100111111101
0001101000010010
0001101000100111
0001101000111011
0001101001010000
0001101001100101
0001101001111010
0001101010001111
0001101010100011
0001101010111000
0001101011001101
0001101011100010
0001101011110111
0001101100001100
0001101100100001
0001101100110110
0001101101001011
0001101101100000
0001101101110101
0001101110001010
0001101110100000
0001101110110101
0001101111001010
0001101111011111
0001101111110100
0001110000001001
0001110000011111
0001110000110100
0001110001001001
0001110001011111
0001110001110100
0001110010001001
0001110010011111
0001110010110100
0001110011001010
0001110011011111
0001110011110100
0001110100001010
0001110100011111
0001110100110101
0001110101001011
0001110101100000
0001110101110110
0001110110001011
0001110110100001
0001110110110111
0001110111001100
0001110111100010
0001110111111000
0001111000001101
0001111000100011
0001111000111001
0001111001001111
0001111001100101
0001111001111010
0001111010010000
0001111010100110
0001111010111100
0001111011010010
0001111011101000
0001111011111110
0001111100010100
0001111100101010
0001111101000000
0001111101010110
0001111101101100
0001111110000010
0001111110011000
0001111110101110
0001111111000100
0001111111011011
0001111111110001
0010000000000111
0010000000011101
0010000000110011
0010000001001010
0010000001100000
0010000001110110
0010000010001101
0010000010100011
0010000010111001
0010000011010000
0010000011100110
0010000011111101
0010000100010011
0010000100101001
0010000101000000
0010000101010110
0010000101101101
0010000110000011
0010000110011010
0010000110110001
0010000111000111
0010000111011110
0010000111110100
0010001000001011
0010001000100010
0010001000111000
0010001001001111
0010001001100110
0010001001111100
0010001010010011
0010001010101010
0010001011000001
0010001011011000
0010001011101110
0010001100000101
0010001100011100
0010001100110011
0010001101001010
0010001101100001
0010001101111000
0010001110001111
0010001110100110
0010001110111101
0010001111010100
0010001111101011
0010010000000010
0010010000011001
0010010000110000
0010010001000111
0010010001011110
0010010001110101
0010010010001100
0010010010100100
0010010010111011
0010010011010010
0010010011101001
0010010100000000
0010010100011000
0010010100101111
0010010101000110
0010010101011110
0010010101110101
0010010110001100
0010010110100100
0010010110111011
0010010111010010
0010010111101010
0010011000000001
0010011000011001
0010011000110000
0010011001001000
0010011001011111
0010011001110111
0010011010001110
0010011010100110
0010011010111101
0010011011010101
0010011011101101
0010011100000100
0010011100011100
0010011100110011
0010011101001011
0010011101100011
0010011101111010
0010011110010010
0010011110101010
0010011111000010
0010011111011001
0010011111110001
0010100000001001
0010100000100001
0010100000111001
0010100001010000
0010100001101000
0010100010000000
0010100010011000
0010100010110000
0010100011001000
0010100011100000
0010100011111000
0010100100010000
0010100100101000
0010100101000000
0010100101011000
0010100101110000
0010100110001000
0010100110100000
0010100110111000
0010100111010000
0010100111101000
0010101000000000
0010101000011000
0010101000110001
0010101001001001
0010101001100001
0010101001111001
0010101010010001
0010101010101010
0010101011000010
0010101011011010
0010101011110010
0010101100001011
0010101100100011
0010101100111011
0010101101010100
0010101101101100
0010101110000100
0010101110011101
0010101110110101
0010101111001101
0010101111100110
0010101111111110
0010110000010111
0010110000101111
0010110001001000
0010110001100000
0010110001111001
0010110010010001
0010110010101010
0010110011000010
0010110011011011
0010110011110011
0010110100001100
0010110100100100
0010110100111101
0010110101010110
0010110101101110
0010110110000111
0010110110100000
0010110110111000
0010110111010001
0010110111101010
0010111000000010
0010111000011011
0010111000110100
0010111001001101
0010111001100101
0010111001111110
0010111010010111
0010111010110000
0010111011001000
0010111011100001
0010111011111010
0010111100010011
0010111100101100
0010111101000101
0010111101011110
0010111101110111
0010111110001111
0010111110101000
0010111111000001
0010111111011010
0010111111110011
0011000000001100
0011000000100101
0011000000111110
0011000001010111
0011000001110000
0011000010001001
0011000010100010
0011000010111011
0011000011010100
0011000011101101
0011000100000110
0011000100100000
0011000100111001
0011000101010010
0011000101101011
0011000110000100
0011000110011101
0011000110110110
0011000111010000
0011000111101001
0011001000000010
0011001000011011
0011001000110100
0011001001001110
0011001001100111
0011001010000000
0011001010011001
0011001010110011
0011001011001100
0011001011100101
0011001011111110
0011001100011000
0011001100110001
0011001101001010
0011001101100100
0011001101111101
0011001110010110
0011001110110000
0011001111001001
0011001111100011
0011001111111100
0011010000010101
0011010000101111
0011010001001000
0011010001100010
0011010001111011
0011010010010101
0011010010101110
0011010011001000
0011010011100001
0011010011111010
0011010100010100
0011010100101101
0011010101000111
0011010101100001
0011010101111010
0011010110010100
0011010110101101
0011010111000111
0011010111100000
0011010111111010
0011011000010011
0011011000101101
0011011001000111
0011011001100000
0011011001111010
0011011010010100
0011011010101101
0011011011000111
0011011011100000
0011011011111010
0011011100010100
0011011100101101
0011011101000111
0011011101100001
0011011101111011
0011011110010100
0011011110101110
0011011111001000
0011011111100001
0011011111111011
0011100000010101
0011100000101111
0011100001001000
0011100001100010
0011100001111100
0011100010010110
0011100010110000
0011100011001001
0011100011100011
0011100011111101
0011100100010111
0011100100110001
0011100101001010
0011100101100100
0011100101111110
0011100110011000
0011100110110010
0011100111001100
0011100111100101
0011100111111111
0011101000011001
0011101000110011
0011101001001101
0011101001100111
0011101010000001
0011101010011011
0011101010110101
0011101011001110
0011101011101000
0011101100000010
0011101100011100
0011101100110110
0011101101010000
0011101101101010
0011101110000100
0011101110011110
0011101110111000
0011101111010010
0011101111101100
0011110000000110
0011110000100000
0011110000111010
0011110001010100
0011110001101110
0011110010001000
0011110010100010
0011110010111100
0011110011010110
0011110011110000
0011110100001010
0011110100100100
0011110100111110
0011110101011000
0011110101110010
0011110110001100
0011110110100110
0011110111000000
0011110111011010
0011110111110100
0011111000001110
0011111000101000
0011111001000011
0011111001011101
0011111001110111
0011111010010001
0011111010101011
0011111011000101
0011111011011111
0011111011111001
0011111100010011
0011111100101101
0011111101000111
0011111101100001
0011111101111100
0011111110010110
0011111110110000
0011111111001010
0011111111100100
0011111111111110
0100000000011000
0100000000110010
0100000001001101
0100000001100111
0100000010000001
0100000010011011
0100000010110101
0100000011001111
0100000011101001
0100000100000011
0100000100011110
0100000100111000
0100000101010010
0100000101101100
0100000110000110
0100000110100000
0100000110111010
0100000111010101
0100000111101111
0100001000001001
0100001000100011
0100001000111101
0100001001010111
0100001001110001
0100001010001100
0100001010100110
0100001011000000
0100001011011010
0100001011110100
0100001100001110
0100001100101001
0100001101000011
0100001101011101
0100001101110111
0100001110010001
0100001110101011
0100001111000110
0100001111100000
0100001111111010
0100010000010100
0100010000101110
0100010001001000
0100010001100010
0100010001111101
0100010010010111
0100010010110001
0100010011001011
0100010011100101
0100010011111111
0100010100011010
0100010100110100
0100010101001110
0100010101101000
0100010110000010
0100010110011100
0100010110110110
0100010111010001
0100010111101011
0100011000000101
0100011000011111
0100011000111001
0100011001010011
0100011001101101
0100011010001000
0100011010100010
0100011010111100
0100011011010110
0100011011110000
0100011100001010
0100011100100100
0100011100111110
0100011101011000
0100011101110011
0100011110001101
0100011110100111
0100011111000001
0100011111011011
0100011111110101
0100100000001111
0100100000101001
0100100001000011
0100100001011101
0100100001111000
0100100010010010
0100100010101100
0100100011000110
0100100011100000
0100100011111010
0100100100010100
0100100100101110
0100100101001000
0100100101100010
0100100101111100
0100100110010110
0100100110110000
0100100111001010
0100100111100100
0100100111111110
0100101000011000
0100101000110010
0100101001001100
0100101001100110
0100101010000000
0100101010011010
0100101010110100
0100101011001110
0100101011101000
0100101100000010
0100101100011100
0100101100110110
0100101101010000
0100101101101010
0100101110000100
0100101110011110
0100101110111000
0100101111010010
0100101111101100
0100110000000110
0100110000100000
0100110000111010
0100110001010011
0100110001101101
0100110010000111
0100110010100001
0100110010111011
0100110011010101
0100110011101111
0100110100001001
0100110100100010
0100110100111100
0100110101010110
0100110101110000
0100110110001010
0100110110100100
0100110110111101
0100110111010111
0100110111110001
0100111000001011
0100111000100101
0100111000111110
0100111001011000
0100111001110010
0100111010001100
0100111010100101
0100111010111111
0100111011011001
0100111011110011
0100111100001100
0100111100100110
0100111101000000
0100111101011010
0100111101110011
0100111110001101
0100111110100111
0100111111000000
0100111111011010
0100111111110100
0101000000001101
0101000000100111
0101000001000000
0101000001011010
0101000001110100
0101000010001101
0101000010100111
0101000011000000
0101000011011010
0101000011110100
0101000100001101
0101000100100111
0101000101000000
0101000101011010
0101000101110011
0101000110001101
0101000110100110
0101000111000000
0101000111011001
0101000111110011
0101001000001100
0101001000100101
0101001000111111
0101001001011000
0101001001110010
0101001010001011
0101001010100101
0101001010111110
0101001011010111
0101001011110001
0101001100001010
0101001100100011
0101001100111101
0101001101010110
0101001101101111
0101001110001001
0101001110100010
0101001110111011
0101001111010100
0101001111101110
0101010000000111
0101010000100000
0101010000111001
0101010001010011
0101010001101100
0101010010000101
0101010010011110
0101010010110111
0101010011010000
0101010011101010
0101010100000011
0101010100011100
0101010100110101
0101010101001110
0101010101100111
0101010110000000
0101010110011001
0101010110110010
0101010111001011
0101010111100100
0101010111111101
0101011000010110
0101011000101111
0101011001001000
0101011001100001
0101011001111010
0101011010010011
0101011010101100
0101011011000101
0101011011011110
0101011011110111
0101011100001111
0101011100101000
0101011101000001
0101011101011010
0101011101110011
0101011110001011
0101011110100100
0101011110111101
0101011111010110
0101011111101110
0101100000000111
0101100000100000
0101100000111001
0101100001010001
0101100001101010
0101100010000011
0101100010011011
0101100010110100
0101100011001100
0101100011100101
0101100011111110
0101100100010110
0101100100101111
0101100101000111
0101100101100000
0101100101111000
0101100110010001
0101100110101001
0101100111000010
0101100111011010
0101100111110010
0101101000001011
0101101000100011
0101101000111100
0101101001010100
0101101001101100
0101101010000101
0101101010011101
0101101010110101
0101101011001101
0101101011100110
0101101011111110
0101101100010110
0101101100101110
0101101101000110
0101101101011111
0101101101110111
0101101110001111
0101101110100111
0101101110111111
0101101111010111
0101101111101111
0101110000000111
0101110000011111
0101110000110111
0101110001001111
0101110001100111
0101110001111111
0101110010010111
0101110010101111
0101110011000111
0101110011011111
0101110011110111
0101110100001111
0101110100100111
0101110100111110
0101110101010110
0101110101101110
0101110110000110
0101110110011110
0101110110110101
0101110111001101
0101110111100101
0101110111111100
0101111000010100
0101111000101100
0101111001000011
0101111001011011
0101111001110010
0101111010001010
0101111010100010
0101111010111001
0101111011010001
0101111011101000
0101111100000000
0101111100010111
0101111100101110
0101111101000110
0101111101011101
0101111101110101
0101111110001100
0101111110100011
0101111110111011
0101111111010010
0101111111101001
0110000000000000
0110000000011000
0110000000101111
0110000001000110
0110000001011101
0110000001110100
0110000010001011
0110000010100011
0110000010111010
0110000011010001
0110000011101000
0110000011111111
0110000100010110
0110000100101101
0110000101000100
0110000101011011
0110000101110001
0110000110001000
0110000110011111
0110000110110110
0110000111001101
0110000111100100
0110000111111011
0110001000010001
0110001000101000
0110001000111111
0110001001010101
0110001001101100
0110001010000011
0110001010011001
0110001010110000
0110001011000111
0110001011011101
0110001011110100
0110001100001010
0110001100100001
0110001100110111
0110001101001110
0110001101100100
0110001101111010
0110001110010001
0110001110100111
0110001110111110
0110001111010100
0110001111101010
0110010000000000
0110010000010111
0110010000101101
0110010001000011
0110010001011001
0110010001101111
0110010010000101
0110010010011100
0110010010110010
0110010011001000
0110010011011110
0110010011110100
0110010100001010
0110010100100000
0110010100110110
0110010101001100
0110010101100001
0110010101110111
0110010110001101
0110010110100011
0110010110111001
0110010111001110
0110010111100100
0110010111111010
0110011000010000
0110011000100101
0110011000111011
0110011001010001
0110011001100110
0110011001111100
0110011010010001
0110011010100111
0110011010111100
0110011011010010
0110011011100111
0110011011111100
0110011100010010
0110011100100111
0110011100111101
0110011101010010
0110011101100111
0110011101111100
0110011110010010
0110011110100111
0110011110111100
0110011111010001
0110011111100110
0110011111111011
0110100000010000
0110100000100101
0110100000111010
0110100001001111
0110100001100100
0110100001111001
0110100010001110
0110100010100011
0110100010111000
0110100011001101
0110100011100010
0110100011110110
0110100100001011
0110100100100000
0110100100110101
0110100101001001
0110100101011110
0110100101110010
0110100110000111
0110100110011100
0110100110110000
0110100111000101
0110100111011001
0110100111101110
0110101000000010
0110101000010110
0110101000101011
0110101000111111
0110101001010011
0110101001101000
0110101001111100
0110101010010000
0110101010100100
0110101010111000
0110101011001101
0110101011100001
0110101011110101
0110101100001001
0110101100011101
0110101100110001
0110101101000101
0110101101011001
0110101101101101
0110101110000000
0110101110010100
0110101110101000
0110101110111100
0110101111010000
0110101111100011
0110101111110111
0110110000001011
0110110000011110
0110110000110010
0110110001000110
0110110001011001
0110110001101101
0110110010000000
0110110010010100
0110110010100111
0110110010111010
0110110011001110
0110110011100001
0110110011110100
0110110100001000
0110110100011011
0110110100101110
0110110101000001
0110110101010100
0110110101101000
0110110101111011
0110110110001110
0110110110100001
0110110110110100
0110110111000111
0110110111011010
0110110111101101
0110110111111111
0110111000010010
0110111000100101
0110111000111000
0110111001001011
0110111001011101
0110111001110000
0110111010000011
0110111010010101
0110111010101000
0110111010111010
0110111011001101
0110111011011111
0110111011110010
0110111100000100
0110111100010111
0110111100101001
0110111100111011
0110111101001110
0110111101100000
0110111101110010
0110111110000100
0110111110010111
0110111110101001
0110111110111011
0110111111001101
0110111111011111
0110111111110001
0111000000000011
0111000000010101
0111000000100111
0111000000111001
0111000001001011
0111000001011100
0111000001101110
0111000010000000
0111000010010010
0111000010100011
0111000010110101
0111000011000111
0111000011011000
0111000011101010
0111000011111011
0111000100001101
0111000100011110
0111000100110000
0111000101000001
0111000101010010
0111000101100100
0111000101110101
0111000110000110
0111000110010111
0111000110101000
0111000110111010
0111000111001011
0111000111011100
0111000111101101
0111000111111110
0111001000001111
0111001000100000
0111001000110001
0111001001000001
0111001001010010
0111001001100011
0111001001110100
0111001010000101
0111001010010101
0111001010100110
0111001010110111
0111001011000111
0111001011011000
0111001011101000
0111001011111001
0111001100001001
0111001100011010
0111001100101010
0111001100111010
0111001101001011
0111001101011011
0111001101101011
0111001101111011
0111001110001011
0111001110011100
0111001110101100
0111001110111100
0111001111001100
0111001111011100
0111001111101100
0111001111111100
0111010000001011
0111010000011011
0111010000101011
0111010000111011
0111010001001011
0111010001011010
0111010001101010
0111010001111001
0111010010001001
0111010010011001
0111010010101000
0111010010111000
0111010011000111
0111010011010110
0111010011100110
0111010011110101
0111010100000100
0111010100010100
0111010100100011
0111010100110010
0111010101000001
0111010101010000
0111010101011111
0111010101101110
0111010101111101
0111010110001100
0111010110011011
0111010110101010
0111010110111001
0111010111001000
0111010111010111
0111010111100101
0111010111110100
0111011000000011
0111011000010001
0111011000100000
0111011000101110
0111011000111101
0111011001001011
0111011001011010
0111011001101000
0111011001110111
0111011010000101
0111011010010011
0111011010100001
0111011010110000
0111011010111110
0111011011001100
0111011011011010
0111011011101000
0111011011110110
0111011100000100
0111011100010010
0111011100100000
0111011100101110
0111011100111011
0111011101001001
0111011101010111
0111011101100101
0111011101110010
0111011110000000
0111011110001101
0111011110011011
0111011110101001
0111011110110110
0111011111000011
0111011111010001
0111011111011110
0111011111101011
0111011111111001
0111100000000110
0111100000010011
0111100000100000
0111100000101101
0111100000111010
0111100001000111
0111100001010100
0111100001100001
0111100001101110
0111100001111011
0111100010001000
0111100010010101
0111100010100010
0111100010101110
0111100010111011
0111100011001000
0111100011010100
0111100011100001
0111100011101101
0111100011111010
0111100100000110
0111100100010011
0111100100011111
0111100100101011
0111100100111000
0111100101000100
0111100101010000
0111100101011100
0111100101101000
0111100101110100
0111100110000000
0111100110001100
0111100110011000
0111100110100100
0111100110110000
0111100110111100
0111100111001000
0111100111010011
0111100111011111
0111100111101011
0111100111110110
0111101000000010
0111101000001101
0111101000011001
0111101000100100
0111101000110000
0111101000111011
0111101001000111
0111101001010010
0111101001011101
0111101001101000
0111101001110011
0111101001111111
0111101010001010
0111101010010101
0111101010100000
0111101010101011
0111101010110110
0111101011000000
0111101011001011
0111101011010110
0111101011100001
0111101011101100
0111101011110110
0111101100000001
0111101100001011
0111101100010110
0111101100100000
0111101100101011
0111101100110101
0111101101000000
0111101101001010
0111101101010100
0111101101011111
0111101101101001
0111101101110011
0111101101111101
0111101110000111
0111101110010001
0111101110011011
0111101110100101
0111101110101111
0111101110111001
0111101111000011
0111101111001101
0111101111010110
0111101111100000
0111101111101010
0111101111110011
0111101111111101
0111110000000110
0111110000010000
0111110000011001
0111110000100011
0111110000101100
0111110000110101
0111110000111111
0111110001001000
0111110001010001
0111110001011010
0111110001100011
0111110001101100
0111110001110101
0111110001111110
0111110010000111
0111110010010000
0111110010011001
0111110010100010
0111110010101010
0111110010110011
0111110010111100
0111110011000100
0111110011001101
0111110011010110
0111110011011110
0111110011100111
0111110011101111
0111110011110111
0111110100000000
0111110100001000
0111110100010000
0111110100011000
0111110100100000
0111110100101001
0111110100110001
0111110100111001
0111110101000001
0111110101001001
0111110101010000
0111110101011000
0111110101100000
0111110101101000
0111110101101111
0111110101110111
0111110101111111
0111110110000110
0111110110001110
0111110110010101
0111110110011101
0111110110100100
0111110110101100
0111110110110011
0111110110111010
0111110111000001
0111110111001001
0111110111010000
0111110111010111
0111110111011110
0111110111100101
0111110111101100
0111110111110011
0111110111111010
0111111000000000
0111111000000111
0111111000001110
0111111000010101
0111111000011011
0111111000100010
0111111000101000
0111111000101111
0111111000110101
0111111000111100
0111111001000010
0111111001001001
0111111001001111
0111111001010101
0111111001011011
0111111001100001
0111111001101000
0111111001101110
0111111001110100
0111111001111010
0111111010000000
0111111010000101
0111111010001011
0111111010010001
0111111010010111
0111111010011101
0111111010100010
0111111010101000
0111111010101101
0111111010110011
0111111010111000
0111111010111110
0111111011000011
0111111011001001
0111111011001110
0111111011010011
0111111011011000
0111111011011110
0111111011100011
0111111011101000
0111111011101101
0111111011110010
0111111011110111
0111111011111100
0111111100000000
0111111100000101
0111111100001010
0111111100001111
0111111100010011
0111111100011000
0111111100011101
0111111100100001
0111111100100110
0111111100101010
0111111100101110
0111111100110011
0111111100110111
0111111100111011
0111111101000000
0111111101000100
0111111101001000
0111111101001100
0111111101010000
0111111101010100
0111111101011000
0111111101011100
0111111101100000
0111111101100100
0111111101100111
0111111101101011
0111111101101111
0111111101110010
0111111101110110
0111111101111001
0111111101111101
0111111110000000
0111111110000100
0111111110000111
0111111110001010
0111111110001110
0111111110010001
0111111110010100
0111111110010111
0111111110011010
0111111110011101
0111111110100000
0111111110100011
0111111110100110
0111111110101001
0111111110101100
0111111110101111
0111111110110001
0111111110110100
0111111110110111
0111111110111001
0111111110111100
0111111110111110
0111111111000001
0111111111000011
0111111111000101
0111111111001000
0111111111001010
0111111111001100
0111111111001110
0111111111010000
0111111111010010
0111111111010100
0111111111010110
0111111111011000
0111111111011010
0111111111011100
0111111111011110
0111111111100000
0111111111100001
0111111111100011
0111111111100101
0111111111100110
0111111111101000
0111111111101001
0111111111101011
0111111111101100
0111111111101101
0111111111101111
0111111111110000
0111111111110001
0111111111110010
0111111111110011
0111111111110100
0111111111110101
0111111111110110
0111111111110111
0111111111111000
0111111111111001
0111111111111010
0111111111111010
0111111111111011
0111111111111100
0111111111111100
0111111111111101
0111111111111101
0111111111111110
0111111111111110
0111111111111111
0111111111111111
0111111111111111
0111111111111111
0111111111111111
0111111111111111
0111111111111111
0111111111111111
0111111111111111
0111111111111111
0111111111111111
0111111111111111
0111111111111111
0111111111111111
0111111111111111
0111111111111111
0111111111111110
0111111111111110
0111111111111101
0111111111111101
0111111111111100
0111111111111100
0111111111111011
0111111111111010
0111111111111010
0111111111111001
0111111111111000
0111111111110111
0111111111110110
0111111111110101
0111111111110100
0111111111110011
0111111111110010
0111111111110001
0111111111110000
0111111111101111
0111111111101101
0111111111101100
0111111111101011
0111111111101001
0111111111101000
0111111111100110
0111111111100101
0111111111100011
0111111111100001
0111111111100000
0111111111011110
0111111111011100
0111111111011010
0111111111011000
0111111111010110
0111111111010100
0111111111010010
0111111111010000
0111111111001110
0111111111001100
0111111111001010
0111111111001000
0111111111000101
0111111111000011
0111111111000001
0111111110111110
0111111110111100
0111111110111001
0111111110110111
0111111110110100
0111111110110001
0111111110101111
0111111110101100
0111111110101001
0111111110100110
0111111110100011
0111111110100000
0111111110011101
0111111110011010
0111111110010111
0111111110010100
0111111110010001
0111111110001110
0111111110001010
0111111110000111
0111111110000100
0111111110000000
0111111101111101
0111111101111001
0111111101110110
0111111101110010
0111111101101111
0111111101101011
0111111101100111
0111111101100100
0111111101100000
0111111101011100
0111111101011000
0111111101010100
0111111101010000
0111111101001100
0111111101001000
0111111101000100
0111111101000000
0111111100111011
0111111100110111
0111111100110011
0111111100101110
0111111100101010
0111111100100110
0111111100100001
0111111100011101
0111111100011000
0111111100010011
0111111100001111
0111111100001010
0111111100000101
0111111100000000
0111111011111100
0111111011110111
0111111011110010
0111111011101101
0111111011101000
0111111011100011
0111111011011110
0111111011011000
0111111011010011
0111111011001110
0111111011001001
0111111011000011
0111111010111110
0111111010111000
0111111010110011
0111111010101101
0111111010101000
0111111010100010
0111111010011101
0111111010010111
0111111010010001
0111111010001011
0111111010000101
0111111010000000
0111111001111010
0111111001110100
0111111001101110
0111111001101000
0111111001100001
0111111001011011
0111111001010101
0111111001001111
0111111001001001
0111111001000010
0111111000111100
0111111000110101
0111111000101111
0111111000101000
0111111000100010
0111111000011011
0111111000010101
0111111000001110
0111111000000111
0111111000000000
0111110111111010
0111110111110011
0111110111101100
0111110111100101
0111110111011110
0111110111010111
0111110111010000
0111110111001001
0111110111000001
0111110110111010
0111110110110011
0111110110101100
0111110110100100
0111110110011101
0111110110010101
0111110110001110
0111110110000110
0111110101111111
0111110101110111
0111110101101111
0111110101101000
0111110101100000
0111110101011000
0111110101010000
0111110101001001
0111110101000001
0111110100111001
0111110100110001
0111110100101001
0111110100100000
0111110100011000
0111110100010000
0111110100001000
0111110100000000
0111110011110111
0111110011101111
0111110011100111
0111110011011110
0111110011010110
0111110011001101
0111110011000100
0111110010111100
0111110010110011
0111110010101010
0111110010100010
0111110010011001
0111110010010000
0111110010000111
0111110001111110
0111110001110101
0111110001101100
0111110001100011
0111110001011010
0111110001010001
0111110001001000
0111110000111111
0111110000110101
0111110000101100
0111110000100011
0111110000011001
0111110000010000
0111110000000110
0111101111111101
0111101111110011
0111101111101010
0111101111100000
0111101111010110
0111101111001101
0111101111000011
0111101110111001
0111101110101111
0111101110100101
0111101110011011
0111101110010001
0111101110000111
0111101101111101
0111101101110011
0111101101101001
0111101101011111
0111101101010100
0111101101001010
0111101101000000
0111101100110101
0111101100101011
0111101100100000
0111101100010110
0111101100001011
0111101100000001
0111101011110110
0111101011101100
0111101011100001
0111101011010110
0111101011001011
0111101011000000
0111101010110110
0111101010101011
0111101010100000
0111101010010101
0111101010001010
0111101001111111
0111101001110011
0111101001101000
0111101001011101
0111101001010010
0111101001000111
0111101000111011
0111101000110000
0111101000100100
0111101000011001
0111101000001101
0111101000000010
0111100111110110
0111100111101011
0111100111011111
0111100111010011
0111100111001000
0111100110111100
0111100110110000
0111100110100100
0111100110011000
0111100110001100
0111100110000000
0111100101110100
0111100101101000
0111100101011100
0111100101010000
0111100101000100
0111100100111000
0111100100101011
0111100100011111
0111100100010011
0111100100000110
0111100011111010
0111100011101101
0111100011100001
0111100011010100
0111100011001000
0111100010111011
0111100010101110
0111100010100010
0111100010010101
0111100010001000
0111100001111011
0111100001101110
0111100001100001
0111100001010100
0111100001000111
0111100000111010
0111100000101101
0111100000100000
0111100000010011
0111100000000110
0111011111111001
0111011111101011
0111011111011110
0111011111010001
0111011111000011
0111011110110110
0111011110101001
0111011110011011
0111011110001101
0111011110000000
0111011101110010
0111011101100101
0111011101010111
0111011101001001
0111011100111011
0111011100101110
0111011100100000
0111011100010010
0111011100000100
0111011011110110
0111011011101000
0111011011011010
0111011011001100
0111011010111110
0111011010110000
0111011010100001
0111011010010011
0111011010000101
0111011001110111
0111011001101000
0111011001011010
0111011001001011
0111011000111101
0111011000101110
0111011000100000
0111011000010001
0111011000000011
0111010111110100
0111010111100101
0111010111010111
0111010111001000
0111010110111001
0111010110101010
0111010110011011
0111010110001100
0111010101111101
0111010101101110
0111010101011111
0111010101010000
0111010101000001
0111010100110010
0111010100100011
0111010100010100
0111010100000100
0111010011110101
0111010011100110
0111010011010110
0111010011000111
0111010010111000
0111010010101000
0111010010011001
0111010010001001
0111010001111001
0111010001101010
0111010001011010
0111010001001011
0111010000111011
0111010000101011
0111010000011011
0111010000001011
0111001111111100
0111001111101100
0111001111011100
0111001111001100
0111001110111100
0111001110101100
0111001110011100
0111001110001011
0111001101111011
0111001101101011
0111001101011011
0111001101001011
0111001100111010
0111001100101010
0111001100011010
0111001100001001
0111001011111001
0111001011101000
0111001011011000
0111001011000111
0111001010110111
0111001010100110
0111001010010101
0111001010000101
0111001001110100
0111001001100011
0111001001010010
0111001001000001
0111001000110001
0111001000100000
0111001000001111
0111000111111110
0111000111101101
0111000111011100
0111000111001011
0111000110111010
0111000110101000
0111000110010111
0111000110000110
0111000101110101
0111000101100100
0111000101010010
0111000101000001
0111000100110000
0111000100011110
0111000100001101
0111000011111011
0111000011101010
0111000011011000
0111000011000111
0111000010110101
0111000010100011
0111000010010010
0111000010000000
0111000001101110
0111000001011100
0111000001001011
0111000000111001
0111000000100111
0111000000010101
0111000000000011
0110111111110001
0110111111011111
0110111111001101
0110111110111011
0110111110101001
0110111110010111
0110111110000100
0110111101110010
0110111101100000
0110111101001110
0110111100111011
0110111100101001
0110111100010111
0110111100000100
0110111011110010
0110111011011111
0110111011001101
0110111010111010
0110111010101000
0110111010010101
0110111010000011
0110111001110000
0110111001011101
0110111001001011
0110111000111000
0110111000100101
0110111000010010
0110110111111111
0110110111101101
0110110111011010
0110110111000111
0110110110110100
0110110110100001
0110110110001110
0110110101111011
0110110101101000
0110110101010100
0110110101000001
0110110100101110
0110110100011011
0110110100001000
0110110011110100
0110110011100001
0110110011001110
0110110010111010
0110110010100111
0110110010010100
0110110010000000
0110110001101101
0110110001011001
0110110001000110
0110110000110010
0110110000011110
0110110000001011
0110101111110111
0110101111100011
0110101111010000
0110101110111100
0110101110101000
0110101110010100
0110101110000000
0110101101101101
0110101101011001
0110101101000101
0110101100110001
0110101100011101
0110101100001001
0110101011110101
0110101011100001
0110101011001101
0110101010111000
0110101010100100
0110101010010000
0110101001111100
0110101001101000
0110101001010011
0110101000111111
0110101000101011
0110101000010110
0110101000000010
0110100111101110
0110100111011001
0110100111000101
0110100110110000
0110100110011100
0110100110000111
0110100101110010
0110100101011110
0110100101001001
0110100100110101
0110100100100000
0110100100001011
0110100011110110
0110100011100010
0110100011001101
0110100010111000
0110100010100011
0110100010001110
0110100001111001
0110100001100100
0110100001001111
0110100000111010
0110100000100101
0110100000010000
0110011111111011
0110011111100110
0110011111010001
0110011110111100
0110011110100111
0110011110010010
0110011101111100
0110011101100111
0110011101010010
0110011100111101
0110011100100111
0110011100010010
0110011011111100
0110011011100111
0110011011010010
0110011010111100
0110011010100111
0110011010010001
0110011001111100
0110011001100110
0110011001010001
0110011000111011
0110011000100101
0110011000010000
0110010111111010
0110010111100100
0110010111001110
0110010110111001
0110010110100011
0110010110001101
0110010101110111
0110010101100001
0110010101001100
0110010100110110
0110010100100000
0110010100001010
0110010011110100
0110010011011110
0110010011001000
0110010010110010
0110010010011100
0110010010000101
0110010001101111
0110010001011001
0110010001000011
0110010000101101
0110010000010111
0110010000000000
0110001111101010
0110001111010100
0110001110111110
0110001110100111
0110001110010001
0110001101111010
0110001101100100
0110001101001110
0110001100110111
0110001100100001
0110001100001010
0110001011110100
0110001011011101
0110001011000111
0110001010110000
0110001010011001
0110001010000011
0110001001101100
0110001001010101
0110001000111111
0110001000101000
0110001000010001
0110000111111011
0110000111100100
0110000111001101
0110000110110110
0110000110011111
0110000110001000
0110000101110001
0110000101011011
0110000101000100
0110000100101101
0110000100010110
0110000011111111
0110000011101000
0110000011010001
0110000010111010
0110000010100011
0110000010001011
0110000001110100
0110000001011101
0110000001000110
0110000000101111
0110000000011000
0110000000000000
0101111111101001
0101111111010010
0101111110111011
0101111110100011
0101111110001100
0101111101110101
0101111101011101
0101111101000110
0101111100101110
0101111100010111
0101111100000000
0101111011101000
0101111011010001
0101111010111001
0101111010100010
0101111010001010
0101111001110010
0101111001011011
0101111001000011
0101111000101100
0101111000010100
0101110111111100
0101110111100101
0101110111001101
0101110110110101
0101110110011110
0101110110000110
0101110101101110
0101110101010110
0101110100111110
0101110100100111
0101110100001111
0101110011110111
0101110011011111
0101110011000111
0101110010101111
0101110010010111
0101110001111111
0101110001100111
0101110001001111
0101110000110111
0101110000011111
0101110000000111
0101101111101111
0101101111010111
0101101110111111
0101101110100111
0101101110001111
0101101101110111
0101101101011111
0101101101000110
0101101100101110
0101101100010110
0101101011111110
0101101011100110
0101101011001101
0101101010110101
0101101010011101
0101101010000101
0101101001101100
0101101001010100
0101101000111100
0101101000100011
0101101000001011
0101100111110010
0101100111011010
0101100111000010
0101100110101001
0101100110010001
0101100101111000
0101100101100000
0101100101000111
0101100100101111
0101100100010110
0101100011111110
0101100011100101
0101100011001100
0101100010110100
0101100010011011
0101100010000011
0101100001101010
0101100001010001
0101100000111001
0101100000100000
0101100000000111
0101011111101110
0101011111010110
0101011110111101
0101011110100100
0101011110001011
0101011101110011
0101011101011010
0101011101000001
0101011100101000
0101011100001111
0101011011110111
0101011011011110
0101011011000101
0101011010101100
0101011010010011
0101011001111010
0101011001100001
0101011001001000
0101011000101111
0101011000010110
0101010111111101
0101010111100100
0101010111001011
0101010110110010
0101010110011001
0101010110000000
0101010101100111
0101010101001110
0101010100110101
0101010100011100
0101010100000011
0101010011101010
0101010011010000
0101010010110111
0101010010011110
0101010010000101
0101010001101100
0101010001010011
0101010000111001
0101010000100000
0101010000000111
0101001111101110
0101001111010100
0101001110111011
0101001110100010
0101001110001001
0101001101101111
0101001101010110
0101001100111101
0101001100100011
0101001100001010
0101001011110001
0101001011010111
0101001010111110
0101001010100101
0101001010001011
0101001001110010
0101001001011000
0101001000111111
0101001000100101
0101001000001100
0101000111110011
0101000111011001
0101000111000000
0101000110100110
0101000110001101
0101000101110011
0101000101011010
0101000101000000
0101000100100111
0101000100001101
0101000011110100
0101000011011010
0101000011000000
0101000010100111
0101000010001101
0101000001110100
0101000001011010
0101000001000000
0101000000100111
0101000000001101
0100111111110100
0100111111011010
0100111111000000
0100111110100111
0100111110001101
0100111101110011
0100111101011010
0100111101000000
0100111100100110
0100111100001100
0100111011110011
0100111011011001
0100111010111111
0100111010100101
0100111010001100
0100111001110010
0100111001011000
0100111000111110
0100111000100101
0100111000001011
0100110111110001
0100110111010111
0100110110111101
0100110110100100
0100110110001010
0100110101110000
0100110101010110
0100110100111100
0100110100100010
0100110100001001
0100110011101111
0100110011010101
0100110010111011
0100110010100001
0100110010000111
0100110001101101
0100110001010011
0100110000111010
0100110000100000
0100110000000110
0100101111101100
0100101111010010
0100101110111000
0100101110011110
0100101110000100
0100101101101010
0100101101010000
0100101100110110
0100101100011100
0100101100000010
0100101011101000
0100101011001110
0100101010110100
0100101010011010
0100101010000000
0100101001100110
0100101001001100
0100101000110010
0100101000011000
0100100111111110
0100100111100100
0100100111001010
0100100110110000
0100100110010110
0100100101111100
0100100101100010
0100100101001000
0100100100101110
0100100100010100
0100100011111010
0100100011100000
0100100011000110
0100100010101100
0100100010010010
0100100001111000
0100100001011101
0100100001000011
0100100000101001
0100100000001111
0100011111110101
0100011111011011
0100011111000001
0100011110100111
0100011110001101
0100011101110011
0100011101011000
0100011100111110
0100011100100100
0100011100001010
0100011011110000
0100011011010110
0100011010111100
0100011010100010
0100011010001000
0100011001101101
0100011001010011
0100011000111001
0100011000011111
0100011000000101
0100010111101011
0100010111010001
0100010110110110
0100010110011100
0100010110000010
0100010101101000
0100010101001110
0100010100110100
0100010100011010
0100010011111111
0100010011100101
0100010011001011
0100010010110001
0100010010010111
0100010001111101
0100010001100010
0100010001001000
0100010000101110
0100010000010100
0100001111111010
0100001111100000
0100001111000110
0100001110101011
0100001110010001
0100001101110111
0100001101011101
0100001101000011
0100001100101001
0100001100001110
0100001011110100
0100001011011010
0100001011000000
0100001010100110
0100001010001100
0100001001110001
0100001001010111
0100001000111101
0100001000100011
0100001000001001
0100000111101111
0100000111010101
0100000110111010
0100000110100000
0100000110000110
0100000101101100
0100000101010010
0100000100111000
0100000100011110
0100000100000011
0100000011101001
0100000011001111
0100000010110101
0100000010011011
0100000010000001
0100000001100111
0100000001001101
0100000000110010
0100000000011000
0011111111111110
0011111111100100
0011111111001010
0011111110110000
0011111110010110
0011111101111100
0011111101100001
0011111101000111
0011111100101101
0011111100010011
0011111011111001
0011111011011111
0011111011000101
0011111010101011
0011111010010001
0011111001110111
0011111001011101
0011111001000011
0011111000101000
0011111000001110
0011110111110100
0011110111011010
0011110111000000
0011110110100110
0011110110001100
0011110101110010
0011110101011000
0011110100111110
0011110100100100
0011110100001010
0011110011110000
0011110011010110
0011110010111100
0011110010100010
0011110010001000
0011110001101110
0011110001010100
0011110000111010
0011110000100000
0011110000000110
0011101111101100
0011101111010010
0011101110111000
0011101110011110
0011101110000100
0011101101101010
0011101101010000
0011101100110110
0011101100011100
0011101100000010
0011101011101000
0011101011001110
0011101010110101
0011101010011011
0011101010000001
0011101001100111
0011101001001101
0011101000110011
0011101000011001
0011100111111111
0011100111100101
0011100111001100
0011100110110010
0011100110011000
0011100101111110
0011100101100100
0011100101001010
0011100100110001
0011100100010111
0011100011111101
0011100011100011
0011100011001001
0011100010110000
0011100010010110
0011100001111100
0011100001100010
0011100001001000
0011100000101111
0011100000010101
0011011111111011
0011011111100001
0011011111001000
0011011110101110
0011011110010100
0011011101111011
0011011101100001
0011011101000111
0011011100101101
0011011100010100
0011011011111010
0011011011100000
0011011011000111
0011011010101101
0011011010010100
0011011001111010
0011011001100000
0011011001000111
0011011000101101
0011011000010011
0011010111111010
0011010111100000
0011010111000111
0011010110101101
0011010110010100
0011010101111010
0011010101100001
0011010101000111
0011010100101101
0011010100010100
0011010011111010
0011010011100001
0011010011001000
0011010010101110
0011010010010101
0011010001111011
0011010001100010
0011010001001000
0011010000101111
0011010000010101
0011001111111100
0011001111100011
0011001111001001
0011001110110000
0011001110010110
0011001101111101
0011001101100100
0011001101001010
0011001100110001
0011001100011000
0011001011111110
0011001011100101
0011001011001100
0011001010110011
0011001010011001
0011001010000000
0011001001100111
0011001001001110
0011001000110100
0011001000011011
0011001000000010
0011000111101001
0011000111010000
0011000110110110
0011000110011101
0011000110000100
0011000101101011
0011000101010010
0011000100111001
0011000100100000
0011000100000110
0011000011101101
0011000011010100
0011000010111011
0011000010100010
0011000010001001
0011000001110000
0011000001010111
0011000000111110
0011000000100101
0011000000001100
0010111111110011
0010111111011010
0010111111000001
0010111110101000
0010111110001111
0010111101110111
0010111101011110
0010111101000101
0010111100101100
0010111100010011
0010111011111010
0010111011100001
0010111011001000
0010111010110000
0010111010010111
0010111001111110
0010111001100101
0010111001001101
0010111000110100
0010111000011011
0010111000000010
0010110111101010
0010110111010001
0010110110111000
0010110110100000
0010110110000111
0010110101101110
0010110101010110
0010110100111101
0010110100100100
0010110100001100
0010110011110011
0010110011011011
0010110011000010
0010110010101010
0010110010010001
0010110001111001
0010110001100000
0010110001001000
0010110000101111
0010110000010111
0010101111111110
0010101111100110
0010101111001101
0010101110110101
0010101110011101
0010101110000100
0010101101101100
0010101101010100
0010101100111011
0010101100100011
0010101100001011
0010101011110010
0010101011011010
0010101011000010
0010101010101010
0010101010010001
0010101001111001
0010101001100001
0010101001001001
0010101000110001
0010101000011000
0010101000000000
0010100111101000
0010100111010000
0010100110111000
0010100110100000
0010100110001000
0010100101110000
0010100101011000
0010100101000000
0010100100101000
0010100100010000
0010100011111000
0010100011100000
0010100011001000
0010100010110000
0010100010011000
0010100010000000
0010100001101000
0010100001010000
0010100000111001
0010100000100001
0010100000001001
0010011111110001
0010011111011001
0010011111000010
0010011110101010
0010011110010010
0010011101111010
0010011101100011
0010011101001011
0010011100110011
0010011100011100
0010011100000100
0010011011101101
0010011011010101
0010011010111101
0010011010100110
0010011010001110
0010011001110111
0010011001011111
0010011001001000
0010011000110000
0010011000011001
0010011000000001
0010010111101010
0010010111010010
0010010110111011
0010010110100100
0010010110001100
0010010101110101
0010010101011110
0010010101000110
0010010100101111
0010010100011000
0010010100000000
0010010011101001
0010010011010010
0010010010111011
0010010010100100
0010010010001100
0010010001110101
0010010001011110
0010010001000111
0010010000110000
0010010000011001
0010010000000010
0010001111101011
0010001111010100
0010001110111101
0010001110100110
0010001110001111
0010001101111000
0010001101100001
0010001101001010
0010001100110011
0010001100011100
0010001100000101
0010001011101110
0010001011011000
0010001011000001
0010001010101010
0010001010010011
0010001001111100
0010001001100110
0010001001001111
0010001000111000
0010001000100010
0010001000001011
0010000111110100
0010000111011110
0010000111000111
0010000110110001
0010000110011010
0010000110000011
0010000101101101
0010000101010110
0010000101000000
0010000100101001
0010000100010011
0010000011111101
0010000011100110
0010000011010000
0010000010111001
0010000010100011
0010000010001101
0010000001110110
0010000001100000
0010000001001010
0010000000110011
0010000000011101
0010000000000111
0001111111110001
0001111111011011
0001111111000100
0001111110101110
0001111110011000
0001111110000010
0001111101101100
0001111101010110
0001111101000000
0001111100101010
0001111100010100
0001111011111110
0001111011101000
0001111011010010
0001111010111100
0001111010100110
0001111010010000
0001111001111010
0001111001100101
0001111001001111
0001111000111001
0001111000100011
0001111000001101
0001110111111000
0001110111100010
0001110111001100
0001110110110111
0001110110100001
0001110110001011
0001110101110110
0001110101100000
0001110101001011
0001110100110101
0001110100011111
0001110100001010
0001110011110100
0001110011011111
0001110011001010
0001110010110100
0001110010011111
0001110010001001
0001110001110100
0001110001011111
0001110001001001
0001110000110100
0001110000011111
0001110000001001
0001101111110100
0001101111011111
0001101111001010
0001101110110101
0001101110100000
0001101110001010
0001101101110101
0001101101100000
0001101101001011
0001101100110110
0001101100100001
0001101100001100
0001101011110111
0001101011100010
0001101011001101
0001101010111000
0001101010100011
0001101010001111
0001101001111010
0001101001100101
0001101001010000
0001101000111011
0001101000100111
0001101000010010
0001100111111101
0001100111101000
0001100111010100
0001100110111111
0001100110101010
0001100110010110
0001100110000001
0001100101101101
0001100101011000
0001100101000100
0001100100101111
0001100100011011
0001100100000110
0001100011110010
0001100011011101
0001100011001001
0001100010110101
0001100010100000
0001100010001100
0001100001111000
0001100001100011
0001100001001111
0001100000111011
0001100000100111
0001100000010011
0001011111111110
0001011111101010
0001011111010110
0001011111000010
0001011110101110
0001011110011010
0001011110000110
0001011101110010
0001011101011110
0001011101001010
0001011100110110
0001011100100010
0001011100001110
0001011011111010
0001011011100111
0001011011010011
0001011010111111
0001011010101011
0001011010010111
0001011010000100
0001011001110000
0001011001011100
0001011001001001
0001011000110101
0001011000100001
0001011000001110
0001010111111010
0001010111100111
0001010111010011
0001010111000000
0001010110101100
0001010110011001
0001010110000101
0001010101110010
0001010101011111
0001010101001011
0001010100111000
0001010100100101
0001010100010001
0001010011111110
0001010011101011
0001010011011000
0001010011000101
0001010010110001
0001010010011110
0001010010001011
0001010001111000
0001010001100101
0001010001010010
0001010000111111
0001010000101100
0001010000011001
0001010000000110
0001001111110011
0001001111100000
0001001111001101
0001001110111011
0001001110101000
0001001110010101
0001001110000010
0001001101101111
0001001101011101
0001001101001010
0001001100110111
0001001100100101
0001001100010010
0001001011111111
0001001011101101
0001001011011010
0001001011001000
0001001010110101
0001001010100011
0001001010010000
0001001001111110
0001001001101011
0001001001011001
0001001001000111
0001001000110100
0001001000100010
0001001000010000
0001000111111101
0001000111101011
0001000111011001
0001000111000111
0001000110110101
0001000110100011
0001000110010000
0001000101111110
0001000101101100
0001000101011010
0001000101001000
0001000100110110
0001000100100100
0001000100010010
0001000100000000
0001000011101110
0001000011011101
0001000011001011
0001000010111001
0001000010100111
0001000010010101
0001000010000100
0001000001110010
0001000001100000
0001000001001110
0001000000111101
0001000000101011
0001000000011010
0001000000001000
0000111111110110
0000111111100101
0000111111010011
0000111111000010
0000111110110001
0000111110011111
0000111110001110
0000111101111100
0000111101101011
0000111101011010
0000111101001000
0000111100110111
0000111100100110
0000111100010101
0000111100000011
0000111011110010
0000111011100001
0000111011010000
0000111010111111
0000111010101110
0000111010011101
0000111010001100
0000111001111011
0000111001101010
0000111001011001
0000111001001000
0000111000110111
0000111000100110
0000111000010101
0000111000000100
0000110111110100
0000110111100011
0000110111010010
0000110111000001
0000110110110001
0000110110100000
0000110110001111
0000110101111111
0000110101101110
0000110101011110
0000110101001101
0000110100111101
0000110100101100
0000110100011100
0000110100001011
0000110011111011
0000110011101010
0000110011011010
0000110011001010
0000110010111001
0000110010101001
0000110010011001
0000110010001001
0000110001111000
0000110001101000
0000110001011000
0000110001001000
0000110000111000
0000110000101000
0000110000011000
0000110000001000
0000101111111000
0000101111101000
0000101111011000
0000101111001000
0000101110111000
0000101110101000
0000101110011000
0000101110001000
0000101101111000
0000101101101001
0000101101011001
0000101101001001
0000101100111001
0000101100101010
0000101100011010
0000101100001010
0000101011111011
0000101011101011
0000101011011100
0000101011001100
0000101010111101
0000101010101101
0000101010011110
0000101010001110
0000101001111111
0000101001110000
0000101001100000
0000101001010001
0000101001000010
0000101000110010
0000101000100011
0000101000010100
0000101000000101
0000100111110110
0000100111100111
0000100111010111
0000100111001000
0000100110111001
0000100110101010
0000100110011011
0000100110001100
0000100101111101
0000100101101110
0000100101011111
0000100101010001
0000100101000010
0000100100110011
0000100100100100
0000100100010101
0000100100000111
0000100011111000
0000100011101001
0000100011011011
0000100011001100
0000100010111101
0000100010101111
0000100010100000
0000100010010010
0000100010000011
0000100001110101
0000100001100110
0000100001011000
0000100001001001
0000100000111011
0000100000101101
0000100000011110
0000100000010000
0000100000000010
0000011111110011
0000011111100101
0000011111010111
0000011111001001
0000011110111011
0000011110101100
0000011110011110
0000011110010000
0000011110000010
0000011101110100
0000011101100110
0000011101011000
0000011101001010
0000011100111100
0000011100101110
0000011100100001
0000011100010011
0000011100000101
0000011011110111
0000011011101001
0000011011011100
0000011011001110
0000011011000000
0000011010110011
0000011010100101
0000011010010111
0000011010001010
0000011001111100
0000011001101111
0000011001100001
0000011001010100
0000011001000110
0000011000111001
0000011000101011
0000011000011110
0000011000010001
0000011000000011
0000010111110110
0000010111101001
0000010111011100
0000010111001110
0000010111000001
0000010110110100
0000010110100111
0000010110011010
0000010110001101
0000010110000000
0000010101110011
0000010101100110
0000010101011001
0000010101001100
0000010100111111
0000010100110010
0000010100100101
0000010100011000
0000010100001011
0000010011111110
0000010011110010
0000010011100101
0000010011011000
0000010011001011
0000010010111111
0000010010110010
0000010010100101
0000010010011001
0000010010001100
0000010010000000
0000010001110011
0000010001100111
0000010001011010
0000010001001110
0000010001000001
0000010000110101
0000010000101001
0000010000011100
0000010000010000
0000010000000100
0000001111110111
0000001111101011
0000001111011111
0000001111010011
0000001111000111
0000001110111010
0000001110101110
0000001110100010
0000001110010110
0000001110001010
0000001101111110
0000001101110010
0000001101100110
0000001101011010
0000001101001110
0000001101000010
0000001100110111
0000001100101011
0000001100011111
0000001100010011
0000001100000111
0000001011111100
0000001011110000
0000001011100100
0000001011011001
0000001011001101
0000001011000001
0000001010110110
0000001010101010
0000001010011111
0000001010010011
0000001010001000
0000001001111100
0000001001110001
0000001001100110
0000001001011010
0000001001001111
0000001001000100
0000001000111000
0000001000101101
0000001000100010
0000001000010111
0000001000001011
0000001000000000
0000000111110101
0000000111101010
0000000111011111
0000000111010100
0000000111001001
0000000110111110
0000000110110011
0000000110101000
0000000110011101
0000000110010010
0000000110000111
0000000101111100
0000000101110001
0000000101100110
0000000101011100
0000000101010001
0000000101000110
0000000100111011
0000000100110001
0000000100100110
0000000100011011
0000000100010001
0000000100000110
0000000011111100
0000000011110001
0000000011100111
0000000011011100
0000000011010010
0000000011000111
0000000010111101
0000000010110010
0000000010101000
0000000010011110
0000000010010011
0000000010001001
0000000001111111
0000000001110101
0000000001101010
0000000001100000
0000000001010110
0000000001001100
0000000001000010
0000000000111000
0000000000101110
0000000000100100
0000000000011010
0000000000010000
0000000000000110
1111111111111100
1111111111110010
1111111111101000
1111111111011110
1111111111010100
1111111111001010
1111111111000001
1111111110110111
1111111110101101
1111111110100011
1111111110011010
1111111110010000
1111111110000110
1111111101111101
1111111101110011
1111111101101010
1111111101100000
1111111101010111
1111111101001101
1111111101000100
1111111100111010
1111111100110001
1111111100100111
1111111100011110
1111111100010101
1111111100001011
1111111100000010
1111111011111001
1111111011101111
1111111011100110
1111111011011101
1111111011010100
1111111011001011
1111111011000010
1111111010111000
1111111010101111
1111111010100110
1111111010011101
1111111010010100
1111111010001011
1111111010000010
1111111001111001
1111111001110000
1111111001101000
1111111001011111
1111111001010110
1111111001001101
1111111001000100
1111111000111011
1111111000110011
1111111000101010
1111111000100001
1111111000011001
1111111000010000
1111111000000111
1111110111111111
1111110111110110
1111110111101110
1111110111100101
1111110111011101
1111110111010100
1111110111001100
1111110111000011
1111110110111011
1111110110110010
1111110110101010
1111110110100010
1111110110011001
1111110110010001
1111110110001001
1111110110000001
1111110101111000
1111110101110000
1111110101101000
1111110101100000
1111110101011000
1111110101010000
1111110101001000
1111110101000000
1111110100111000
1111110100101111
1111110100101000
1111110100100000
1111110100011000
1111110100010000
1111110100001000
1111110100000000
1111110011111000
1111110011110000
1111110011101000
1111110011100001
1111110011011001
1111110011010001
1111110011001010
1111110011000010
1111110010111010
1111110010110011
1111110010101011
1111110010100011
1111110010011100
1111110010010100
1111110010001101
1111110010000101
1111110001111110
1111110001110110
1111110001101111
1111110001100111
1111110001100000
1111110001011001
1111110001010001
1111110001001010
1111110001000011
1111110000111100
1111110000110100
1111110000101101
1111110000100110
1111110000011111
1111110000011000
1111110000010000
1111110000001001
1111110000000010
1111101111111011
1111101111110100
1111101111101101
1111101111100110
1111101111011111
1111101111011000
1111101111010001
1111101111001010
1111101111000011
1111101110111101
1111101110110110
1111101110101111
1111101110101000
1111101110100001
1111101110011011
1111101110010100
1111101110001101
1111101110000111
1111101110000000
1111101101111001
1111101101110011
1111101101101100
1111101101100101
1111101101011111
1111101101011000
1111101101010010
1111101101001011
1111101101000101
1111101100111110
1111101100111000
1111101100110010
1111101100101011
1111101100100101
1111101100011111
1111101100011000
1111101100010010
1111101100001100
1111101100000110
1111101011111111
1111101011111001
1111101011110011
1111101011101101
1111101011100111
1111101011100001
1111101011011010
1111101011010100
1111101011001110
1111101011001000
1111101011000010
1111101010111100
1111101010110110
1111101010110000
1111101010101011
1111101010100101
1111101010011111
1111101010011001
1111101010010011
1111101010001101
1111101010000111
1111101010000010
1111101001111100
1111101001110110
1111101001110001
1111101001101011
1111101001100101
1111101001100000
1111101001011010
1111101001010100
1111101001001111
1111101001001001
1111101001000100
1111101000111110
1111101000111001
1111101000110011
1111101000101110
1111101000101000
1111101000100011
1111101000011110
1111101000011000
1111101000010011
1111101000001101
1111101000001000
1111101000000011
1111100111111110
1111100111111000
1111100111110011
1111100111101110
1111100111101001
1111100111100100
1111100111011110
1111100111011001
1111100111010100
1111100111001111
1111100111001010
1111100111000101
1111100111000000
1111100110111011
1111100110110110
1111100110110001
1111100110101100
1111100110100111
1111100110100010
1111100110011110
1111100110011001
1111100110010100
1111100110001111
1111100110001010
1111100110000101
1111100110000001
1111100101111100
1111100101110111
1111100101110011
1111100101101110
1111100101101001
1111100101100101
1111100101100000
1111100101011011
1111100101010111
1111100101010010
1111100101001110
1111100101001001
1111100101000101
1111100101000000
1111100100111100
1111100100110111
1111100100110011
1111100100101111
1111100100101010
1111100100100110
1111100100100001
1111100100011101
1111100100011001
1111100100010101
1111100100010000
1111100100001100
1111100100001000
1111100100000100
1111100011111111
1111100011111011
1111100011110111
1111100011110011
1111100011101111
1111100011101011
1111100011100111
1111100011100011
1111100011011111
1111100011011011
1111100011010111
1111100011010011
1111100011001111
1111100011001011
1111100011000111
1111100011000011
1111100010111111
1111100010111011
1111100010110111
1111100010110100
1111100010110000
1111100010101100
1111100010101000
1111100010100100
1111100010100001
1111100010011101
1111100010011001
1111100010010110
1111100010010010
1111100010001110
1111100010001011
1111100010000111
1111100010000100
1111100010000000
1111100001111100
1111100001111001
1111100001110101
1111100001110010
1111100001101110
1111100001101011
1111100001101000
1111100001100100
1111100001100001
1111100001011101
1111100001011010
1111100001010111
1111100001010011
1111100001010000
1111100001001101
1111100001001001
1111100001000110
1111100001000011
1111100001000000
1111100000111101
1111100000111001
1111100000110110
1111100000110011
1111100000110000
1111100000101101
1111100000101010
1111100000100111
1111100000100100
1111100000100000
1111100000011101
1111100000011010
1111100000010111
1111100000010100
1111100000010010
1111100000001111
1111100000001100
1111100000001001
1111100000000110
1111100000000011
1111100000000000
1111011111111101
1111011111111011
1111011111111000
1111011111110101
1111011111110010
1111011111101111
1111011111101101
1111011111101010
1111011111100111
1111011111100101
1111011111100010
1111011111011111
1111011111011101
1111011111011010
1111011111010111
1111011111010101
1111011111010010
1111011111010000
1111011111001101
1111011111001011
1111011111001000
1111011111000110
1111011111000011
1111011111000001
1111011110111110
1111011110111100
1111011110111010
1111011110110111
1111011110110101
1111011110110010
1111011110110000
1111011110101110
1111011110101011
1111011110101001
1111011110100111
1111011110100101
1111011110100010
1111011110100000
1111011110011110
1111011110011100
1111011110011010
1111011110011000
1111011110010101
1111011110010011
1111011110010001
1111011110001111
1111011110001101
1111011110001011
1111011110001001
1111011110000111
1111011110000101
1111011110000011
1111011110000001
1111011101111111
1111011101111101
1111011101111011
1111011101111001
1111011101110111
1111011101110101
1111011101110011
1111011101110010
1111011101110000
1111011101101110
1111011101101100
1111011101101010
1111011101101001
1111011101100111
1111011101100101
1111011101100011
1111011101100010
1111011101100000
1111011101011110
1111011101011100
1111011101011011
1111011101011001
1111011101011000
1111011101010110
1111011101010100
1111011101010011
1111011101010001
1111011101010000
1111011101001110
1111011101001101
1111011101001011
1111011101001010
1111011101001000
1111011101000111
1111011101000101
1111011101000100
1111011101000010
1111011101000001
1111011100111111
1111011100111110
1111011100111101
1111011100111011
1111011100111010
1111011100111001
1111011100110111
1111011100110110
1111011100110101
1111011100110100
1111011100110010
1111011100110001
1111011100110000
1111011100101111
1111011100101101
1111011100101100
1111011100101011
1111011100101010
1111011100101001
1111011100101000
1111011100100111
1111011100100110
1111011100100100
1111011100100011
1111011100100010
1111011100100001
1111011100100000
1111011100011111
1111011100011110
1111011100011101
1111011100011100
1111011100011011
1111011100011010
1111011100011001
1111011100011001
1111011100011000
1111011100010111
1111011100010110
1111011100010101
1111011100010100
1111011100010011
1111011100010010
1111011100010010
1111011100010001
1111011100010000
1111011100001111
1111011100001111
1111011100001110
1111011100001101
1111011100001100
1111011100001100
1111011100001011
1111011100001010
1111011100001010
1111011100001001
1111011100001000
1111011100001000
1111011100000111
1111011100000110
1111011100000110
1111011100000101
1111011100000101
1111011100000100
1111011100000100
1111011100000011
1111011100000011
1111011100000010
1111011100000010
1111011100000001
1111011100000001
1111011100000000
1111011100000000
1111011011111111
1111011011111111
1111011011111110
1111011011111110
1111011011111110
1111011011111101
1111011011111101
1111011011111101
1111011011111100
1111011011111100
1111011011111100
1111011011111011
1111011011111011
1111011011111011
1111011011111011
1111011011111010
1111011011111010
1111011011111010
1111011011111010
1111011011111001
1111011011111001
1111011011111001
1111011011111001
1111011011111001
1111011011111001
1111011011111001
1111011011111000
1111011011111000
1111011011111000
1111011011111000
1111011011111000
1111011011111000
1111011011111000
1111011011111000
1111011011111000
1111011011111000
1111011011111000
1111011011111000
1111011011111000
1111011011111000
1111011011111000
1111011011111000
1111011011111000
1111011011111000
1111011011111000
1111011011111000
1111011011111000
1111011011111001
1111011011111001
1111011011111001
1111011011111001
1111011011111001
1111011011111001
1111011011111001
1111011011111010
1111011011111010
1111011011111010
1111011011111010
1111011011111011
1111011011111011
1111011011111011
1111011011111011
1111011011111100
1111011011111100
1111011011111100
1111011011111101
1111011011111101
1111011011111101
1111011011111110
1111011011111110
1111011011111110
1111011011111111
1111011011111111
1111011011111111
1111011100000000
1111011100000000
1111011100000001
1111011100000001
1111011100000010
1111011100000010
1111011100000010
1111011100000011
1111011100000011
1111011100000100
1111011100000100
1111011100000101
1111011100000101
1111011100000110
1111011100000111
1111011100000111
1111011100001000
1111011100001000
1111011100001001
1111011100001001
1111011100001010
1111011100001011
1111011100001011
1111011100001100
1111011100001100
1111011100001101
1111011100001110
1111011100001110
1111011100001111
1111011100010000
1111011100010001
1111011100010001
1111011100010010
1111011100010011
1111011100010011
1111011100010100
1111011100010101
1111011100010110
1111011100010110
1111011100010111
1111011100011000
1111011100011001
1111011100011010
1111011100011010
1111011100011011
1111011100011100
1111011100011101
1111011100011110
1111011100011111
1111011100011111
1111011100100000
1111011100100001
1111011100100010
1111011100100011
1111011100100100
1111011100100101
1111011100100110
1111011100100111
1111011100101000
1111011100101001
1111011100101010
1111011100101011
1111011100101100
1111011100101100
1111011100101101
1111011100101110
1111011100110000
1111011100110001
1111011100110010
1111011100110011
1111011100110100
1111011100110101
1111011100110110
1111011100110111
1111011100111000
1111011100111001
1111011100111010
1111011100111011
1111011100111100
1111011100111101
1111011100111111
1111011101000000
1111011101000001
1111011101000010
1111011101000011
1111011101000100
1111011101000101
1111011101000111
1111011101001000
1111011101001001
1111011101001010
1111011101001011
1111011101001101
1111011101001110
1111011101001111
1111011101010000
1111011101010010
1111011101010011
1111011101010100
1111011101010101
1111011101010111
1111011101011000
1111011101011001
1111011101011011
1111011101011100
1111011101011101
1111011101011110
1111011101100000
1111011101100001
1111011101100011
1111011101100100
1111011101100101
1111011101100111
1111011101101000
1111011101101001
1111011101101011
1111011101101100
1111011101101110
1111011101101111
1111011101110000
1111011101110010
1111011101110011
1111011101110101
1111011101110110
1111011101110111
1111011101111001
1111011101111010
1111011101111100
1111011101111101
1111011101111111
1111011110000000
1111011110000010
1111011110000011
1111011110000101
1111011110000110
1111011110001000
1111011110001001
1111011110001011
1111011110001100
1111011110001110
1111011110010000
1111011110010001
1111011110010011
1111011110010100
1111011110010110
1111011110010111
1111011110011001
1111011110011011
1111011110011100
1111011110011110
1111011110011111
1111011110100001
1111011110100011
1111011110100100
1111011110100110
1111011110101000
1111011110101001
1111011110101011
1111011110101101
1111011110101110
1111011110110000
1111011110110010
1111011110110011
1111011110110101
1111011110110111
1111011110111000
1111011110111010
1111011110111100
1111011110111101
1111011110111111
1111011111000001
1111011111000011
1111011111000100
1111011111000110
1111011111001000
1111011111001010
1111011111001011
1111011111001101
1111011111001111
1111011111010001
1111011111010011
1111011111010100
1111011111010110
1111011111011000
1111011111011010
1111011111011100
1111011111011101
1111011111011111
1111011111100001
1111011111100011
1111011111100101
1111011111100111
1111011111101000
1111011111101010
1111011111101100
1111011111101110
1111011111110000
1111011111110010
1111011111110100
1111011111110101
1111011111110111
1111011111111001
1111011111111011
1111011111111101
1111011111111111
1111100000000001
1111100000000011
1111100000000101
1111100000000111
1111100000001000
1111100000001010
1111100000001100
1111100000001110
1111100000010000
1111100000010010
1111100000010100
1111100000010110
1111100000011000
1111100000011010
1111100000011100
1111100000011110
1111100000100000
1111100000100010
1111100000100100
1111100000100110
1111100000101000
1111100000101010
1111100000101100
1111100000101110
1111100000110000
1111100000110010
1111100000110100
1111100000110110
1111100000111000
1111100000111010
1111100000111100
1111100000111110
1111100001000000
1111100001000010
1111100001000100
1111100001000110
1111100001001001
1111100001001011
1111100001001101
1111100001001111
1111100001010001
1111100001010011
1111100001010101
1111100001010111
1111100001011001
1111100001011011
1111100001011101
1111100001011111
1111100001100010
1111100001100100
1111100001100110
1111100001101000
1111100001101010
1111100001101100
1111100001101110
1111100001110000
1111100001110011
1111100001110101
1111100001110111
1111100001111001
1111100001111011
1111100001111101
1111100001111111
1111100010000010
1111100010000100
1111100010000110
1111100010001000
1111100010001010
1111100010001101
1111100010001111
1111100010010001
1111100010010011
1111100010010101
1111100010010111
1111100010011010
1111100010011100
1111100010011110
1111100010100000
1111100010100010
1111100010100101
1111100010100111
1111100010101001
1111100010101011
1111100010101110
1111100010110000
1111100010110010
1111100010110100
1111100010110110
1111100010111001
1111100010111011
1111100010111101
1111100010111111
1111100011000010
1111100011000100
1111100011000110
1111100011001000
1111100011001011
1111100011001101
1111100011001111
1111100011010010
1111100011010100
1111100011010110
1111100011011000
1111100011011011
1111100011011101
1111100011011111
1111100011100001
1111100011100100
1111100011100110
1111100011101000
1111100011101011
1111100011101101
1111100011101111
1111100011110001
1111100011110100
1111100011110110
1111100011111000
1111100011111011
1111100011111101
1111100011111111
1111100100000010
1111100100000100
1111100100000110
1111100100001001
1111100100001011
1111100100001101
1111100100010000
1111100100010010
1111100100010100
1111100100010111
1111100100011001
1111100100011011
1111100100011110
1111100100100000
1111100100100010
1111100100100101
1111100100100111
1111100100101001
1111100100101100
1111100100101110
1111100100110000
1111100100110011
1111100100110101
1111100100110111
1111100100111010
1111100100111100
1111100100111111
1111100101000001
1111100101000011
1111100101000110
1111100101001000
1111100101001010
1111100101001101
1111100101001111
1111100101010010
1111100101010100
1111100101010110
1111100101011001
1111100101011011
1111100101011101
1111100101100000
1111100101100010
1111100101100101
1111100101100111
1111100101101001
1111100101101100
1111100101101110
1111100101110001
1111100101110011
1111100101110101
1111100101111000
1111100101111010
1111100101111101
1111100101111111
1111100110000001
1111100110000100
1111100110000110
1111100110001001
1111100110001011
1111100110001101
1111100110010000
1111100110010010
1111100110010101
1111100110010111
1111100110011010
1111100110011100
1111100110011110
1111100110100001
1111100110100011
1111100110100110
1111100110101000
1111100110101010
1111100110101101
1111100110101111
1111100110110010
1111100110110100
1111100110110111
1111100110111001
1111100110111011
1111100110111110
1111100111000000
1111100111000011
1111100111000101
1111100111001000
1111100111001010
1111100111001100
1111100111001111
1111100111010001
1111100111010100
1111100111010110
1111100111011001
1111100111011011
1111100111011110
1111100111100000
1111100111100010
1111100111100101
1111100111100111
1111100111101010
1111100111101100
1111100111101111
1111100111110001
1111100111110011
1111100111110110
1111100111111000
1111100111111011
1111100111111101
1111101000000000
1111101000000010
1111101000000101
1111101000000111
1111101000001001
1111101000001100
1111101000001110
1111101000010001
1111101000010011
1111101000010110
1111101000011000
1111101000011011
1111101000011101
1111101000011111
1111101000100010
1111101000100100
1111101000100111
1111101000101001
1111101000101100
1111101000101110
1111101000110001
1111101000110011
1111101000110101
1111101000111000
1111101000111010
1111101000111101
1111101000111111
1111101001000010
1111101001000100
1111101001000111
1111101001001001
1111101001001011
1111101001001110
1111101001010000
1111101001010011
1111101001010101
1111101001011000
1111101001011010
1111101001011101
1111101001011111
1111101001100010
1111101001100100
1111101001100110
1111101001101001
1111101001101011
1111101001101110
1111101001110000
1111101001110011
1111101001110101
1111101001110111
1111101001111010
1111101001111100
1111101001111111
1111101010000001
1111101010000100
1111101010000110
1111101010001001
1111101010001011
1111101010001101
1111101010010000
1111101010010010
1111101010010101
1111101010010111
1111101010011010
1111101010011100
1111101010011110
1111101010100001
1111101010100011
1111101010100110
1111101010101000
1111101010101011
1111101010101101
1111101010110000
1111101010110010
1111101010110100
1111101010110111
1111101010111001
1111101010111100
1111101010111110
1111101011000001
1111101011000011
1111101011000101
1111101011001000
1111101011001010
1111101011001101
1111101011001111
1111101011010001
1111101011010100
1111101011010110
1111101011011001
1111101011011011
1111101011011110
1111101011100000
1111101011100010
1111101011100101
1111101011100111
1111101011101010
1111101011101100
1111101011101110
1111101011110001
1111101011110011
1111101011110110
1111101011111000
1111101011111010
1111101011111101
1111101011111111
1111101100000010
1111101100000100
1111101100000110
1111101100001001
1111101100001011
1111101100001110
1111101100010000
1111101100010010
1111101100010101
1111101100010111
1111101100011010
1111101100011100
1111101100011110
1111101100100001
1111101100100011
1111101100100110
1111101100101000
1111101100101010
1111101100101101
1111101100101111
1111101100110001
1111101100110100
1111101100110110
1111101100111001
1111101100111011
1111101100111101
1111101101000000
1111101101000010
1111101101000100
1111101101000111
1111101101001001
1111101101001100
1111101101001110
1111101101010000
1111101101010011
1111101101010101
1111101101010111
1111101101011010
1111101101011100
1111101101011110
1111101101100001
1111101101100011
1111101101100101
1111101101101000
1111101101101010
1111101101101100
1111101101101111
1111101101110001
1111101101110011
1111101101110110
1111101101111000
1111101101111010
1111101101111101
1111101101111111
1111101110000001
1111101110000100
1111101110000110
1111101110001000
1111101110001011
1111101110001101
1111101110001111
1111101110010010
1111101110010100
1111101110010110
1111101110011001
1111101110011011
1111101110011101
1111101110100000
1111101110100010
1111101110100100
1111101110100110
1111101110101001
1111101110101011
1111101110101101
1111101110110000
1111101110110010
1111101110110100
1111101110110111
1111101110111001
1111101110111011
1111101110111101
1111101111000000
1111101111000010
1111101111000100
1111101111000111
1111101111001001
1111101111001011
1111101111001101
1111101111010000
1111101111010010
1111101111010100
1111101111010110
1111101111011001
1111101111011011
1111101111011101
1111101111011111
1111101111100010
1111101111100100
1111101111100110
1111101111101000
1111101111101011
1111101111101101
1111101111101111
1111101111110001
1111101111110100
1111101111110110
1111101111111000
1111101111111010
1111101111111101
1111101111111111
1111110000000001
1111110000000011
1111110000000110
1111110000001000
1111110000001010
1111110000001100
1111110000001110
1111110000010001
1111110000010011
1111110000010101
1111110000010111
1111110000011001
1111110000011100
1111110000011110
1111110000100000
1111110000100010
1111110000100100
1111110000100111
1111110000101001
1111110000101011
1111110000101101
1111110000101111
1111110000110010
1111110000110100
1111110000110110
1111110000111000
1111110000111010
1111110000111100
1111110000111111
1111110001000001
1111110001000011
1111110001000101
1111110001000111
1111110001001001
1111110001001100
1111110001001110
1111110001010000
1111110001010010
1111110001010100
1111110001010110
1111110001011000
1111110001011011
1111110001011101
1111110001011111
1111110001100001
1111110001100011
1111110001100101
1111110001100111
1111110001101001
1111110001101100
1111110001101110
1111110001110000
1111110001110010
1111110001110100
1111110001110110
1111110001111000
1111110001111010
1111110001111100
1111110001111110
1111110010000001
1111110010000011
1111110010000101
1111110010000111
1111110010001001
1111110010001011
1111110010001101
1111110010001111
1111110010010001
1111110010010011
1111110010010101
1111110010010111
1111110010011010
1111110010011100
1111110010011110
1111110010100000
1111110010100010
1111110010100100
1111110010100110
1111110010101000
1111110010101010
1111110010101100
1111110010101110
1111110010110000
1111110010110010
1111110010110100
1111110010110110
1111110010111000
1111110010111010
1111110010111100
1111110010111110
1111110011000000
1111110011000010
1111110011000100
1111110011000110
1111110011001000
1111110011001010
1111110011001100
1111110011001110
1111110011010000
1111110011010010
1111110011010100
1111110011010110
1111110011011000
1111110011011010
1111110011011100
1111110011011110
1111110011100000
1111110011100010
1111110011100100
1111110011100110
1111110011101000
1111110011101010
1111110011101100
1111110011101110
1111110011110000
1111110011110010
1111110011110100
1111110011110110
1111110011111000
1111110011111010
1111110011111100
1111110011111110
1111110100000000
1111110100000010
1111110100000011
1111110100000101
1111110100000111
1111110100001001
1111110100001011
1111110100001101
1111110100001111
1111110100010001
1111110100010011
1111110100010101
1111110100010111
1111110100011000
1111110100011010
1111110100011100
1111110100011110
1111110100100000
1111110100100010
1111110100100100
1111110100100110
1111110100101000
1111110100101001
1111110100101011
1111110100101101
1111110100101111
1111110100110001
1111110100110011
1111110100110101
1111110100110111
1111110100111000
1111110100111010
1111110100111100
1111110100111110
1111110101000000
1111110101000010
1111110101000011
1111110101000101
1111110101000111
1111110101001001
1111110101001011
1111110101001101
1111110101001110
1111110101010000
1111110101010010
1111110101010100
1111110101010110
1111110101010111
1111110101011001
1111110101011011
1111110101011101
1111110101011111
1111110101100000
1111110101100010
1111110101100100
1111110101100110
1111110101101000
1111110101101001
1111110101101011
1111110101101101
1111110101101111
1111110101110001
1111110101110010
1111110101110100
1111110101110110
1111110101111000
1111110101111001
1111110101111011
1111110101111101
1111110101111111
1111110110000000
1111110110000010
1111110110000100
1111110110000110
1111110110000111
1111110110001001
1111110110001011
1111110110001100
1111110110001110
1111110110010000
1111110110010010
1111110110010011
1111110110010101
1111110110010111
1111110110011000
1111110110011010
1111110110011100
1111110110011110
1111110110011111
1111110110100001
1111110110100011
1111110110100100
1111110110100110
1111110110101000
1111110110101001
1111110110101011
1111110110101101
1111110110101110
1111110110110000
1111110110110010
1111110110110011
1111110110110101
1111110110110111
1111110110111000
1111110110111010
1111110110111100
1111110110111101
1111110110111111
1111110111000000
1111110111000010
1111110111000100
1111110111000101
1111110111000111
1111110111001001
1111110111001010
1111110111001100
1111110111001101
1111110111001111
1111110111010001
1111110111010010
1111110111010100
1111110111010101
1111110111010111
1111110111011001
1111110111011010
1111110111011100
1111110111011101
1111110111011111
1111110111100001
1111110111100010
1111110111100100
1111110111100101
1111110111100111
1111110111101000
1111110111101010
1111110111101100
1111110111101101
1111110111101111
1111110111110000
1111110111110010
1111110111110011
1111110111110101
1111110111110110
1111110111111000
1111110111111001
1111110111111011
1111110111111100
1111110111111110
1111111000000000
1111111000000001
1111111000000011
1111111000000100
1111111000000110
1111111000000111
1111111000001001
1111111000001010
1111111000001100
1111111000001101
1111111000001111
1111111000010000
1111111000010010
1111111000010011
1111111000010101
1111111000010110
1111111000010111
1111111000011001
1111111000011010
1111111000011100
1111111000011101
1111111000011111
1111111000100000
1111111000100010
1111111000100011
1111111000100101
1111111000100110
1111111000101000
1111111000101001
1111111000101010
1111111000101100
1111111000101101
1111111000101111
1111111000110000
1111111000110010
1111111000110011
1111111000110100
1111111000110110
1111111000110111
1111111000111001
1111111000111010
1111111000111011
1111111000111101
1111111000111110
1111111001000000
1111111001000001
1111111001000010
1111111001000100
1111111001000101
1111111001000111
1111111001001000
1111111001001001
1111111001001011
1111111001001100
1111111001001101
1111111001001111
1111111001010000
1111111001010010
1111111001010011
1111111001010100
1111111001010110
1111111001010111
1111111001011000
1111111001011010
1111111001011011
1111111001011100
1111111001011110
1111111001011111
1111111001100000
1111111001100010
1111111001100011
1111111001100100
1111111001100110
1111111001100111
1111111001101000
1111111001101010
1111111001101011
1111111001101100
1111111001101101
1111111001101111
1111111001110000
1111111001110001
1111111001110011
1111111001110100
1111111001110101
1111111001110110
1111111001111000
1111111001111001
1111111001111010
1111111001111100
1111111001111101
1111111001111110
1111111001111111
1111111010000001
1111111010000010
1111111010000011
1111111010000100
1111111010000110
1111111010000111
1111111010001000
1111111010001001
1111111010001011
1111111010001100
1111111010001101
1111111010001110
1111111010010000
1111111010010001
1111111010010010
1111111010010011
1111111010010100
1111111010010110
1111111010010111
1111111010011000
1111111010011001
1111111010011010
1111111010011100
1111111010011101
1111111010011110
1111111010011111
1111111010100000
1111111010100010
1111111010100011
1111111010100100
1111111010100101
1111111010100110
1111111010100111
1111111010101001
1111111010101010
1111111010101011
1111111010101100
1111111010101101
1111111010101110
1111111010110000
1111111010110001
1111111010110010
1111111010110011
1111111010110100
1111111010110101
1111111010110110
1111111010111000
1111111010111001
1111111010111010
1111111010111011
1111111010111100
1111111010111101
1111111010111110
1111111010111111
1111111011000001
1111111011000010
1111111011000011
1111111011000100
1111111011000101
1111111011000110
1111111011000111
1111111011001000
1111111011001001
1111111011001010
1111111011001100
1111111011001101
1111111011001110
1111111011001111
1111111011010000
1111111011010001
1111111011010010
1111111011010011
1111111011010100
1111111011010101
1111111011010110
1111111011010111
1111111011011000
1111111011011001
1111111011011011
1111111011011100
1111111011011101
1111111011011110
1111111011011111
1111111011100000
1111111011100001
1111111011100010
1111111011100011
1111111011100100
1111111011100101
1111111011100110
1111111011100111
1111111011101000
1111111011101001
1111111011101010
1111111011101011
1111111011101100
1111111011101101
1111111011101110
1111111011101111
1111111011110000
1111111011110001
1111111011110010
1111111011110011
1111111011110100
1111111011110101
1111111011110110
1111111011110111
1111111011111000
1111111011111001
1111111011111010
1111111011111011
1111111011111100
1111111011111101
1111111011111110
1111111011111111
1111111100000000
1111111100000001
1111111100000010
1111111100000010
1111111100000011
1111111100000100
1111111100000101
1111111100000110
1111111100000111
1111111100001000
1111111100001001
1111111100001010
1111111100001011
1111111100001100
1111111100001101
1111111100001110
1111111100001111
1111111100001111
1111111100010000
1111111100010001
1111111100010010
1111111100010011
1111111100010100
1111111100010101
1111111100010110
1111111100010111
1111111100011000
1111111100011001
1111111100011001
1111111100011010
1111111100011011
1111111100011100
1111111100011101
1111111100011110
1111111100011111
1111111100100000
1111111100100000
1111111100100001
1111111100100010
1111111100100011
1111111100100100
1111111100100101
1111111100100110
1111111100100110
1111111100100111
1111111100101000
1111111100101001
1111111100101010
1111111100101011
1111111100101100
1111111100101100
1111111100101101
1111111100101110
1111111100101111
1111111100110000
1111111100110001
1111111100110001
1111111100110010
1111111100110011
1111111100110100
1111111100110101
1111111100110101
1111111100110110
1111111100110111
1111111100111000
1111111100111001
1111111100111001
1111111100111010
1111111100111011
1111111100111100
1111111100111101
1111111100111101
1111111100111110
1111111100111111
1111111101000000
1111111101000001
1111111101000001
1111111101000010
1111111101000011
1111111101000100
1111111101000100
1111111101000101
1111111101000110
1111111101000111
1111111101000111
1111111101001000
1111111101001001
1111111101001010
1111111101001010
1111111101001011
1111111101001100
1111111101001101
1111111101001101
1111111101001110
1111111101001111
1111111101010000
1111111101010000
1111111101010001
1111111101010010
1111111101010011
1111111101010011
1111111101010100
1111111101010101
1111111101010101
1111111101010110
1111111101010111
1111111101011000
1111111101011000
1111111101011001
1111111101011010
1111111101011010
1111111101011011
1111111101011100
1111111101011101
1111111101011101
1111111101011110
1111111101011111
1111111101011111
1111111101100000
1111111101100001
1111111101100001
1111111101100010
1111111101100011
1111111101100011
1111111101100100
1111111101100101
1111111101100101
1111111101100110
1111111101100111
1111111101100111
1111111101101000
1111111101101001
1111111101101001
1111111101101010
1111111101101011
1111111101101011
1111111101101100
1111111101101101
1111111101101101
1111111101101110
1111111101101111
1111111101101111
1111111101110000
1111111101110001
1111111101110001
1111111101110010
1111111101110010
1111111101110011
1111111101110100
1111111101110100
1111111101110101
1111111101110110
1111111101110110
1111111101110111
1111111101110111
1111111101111000
1111111101111001
1111111101111001
1111111101111010
1111111101111010
1111111101111011
1111111101111100
1111111101111100
1111111101111101
1111111101111101
1111111101111110
1111111101111111
1111111101111111
1111111110000000
1111111110000000
1111111110000001
1111111110000010
1111111110000010
1111111110000011
1111111110000011
1111111110000100
1111111110000100
1111111110000101
1111111110000110
1111111110000110
1111111110000111
1111111110000111
1111111110001000
1111111110001000
1111111110001001
1111111110001001
1111111110001010
1111111110001011
1111111110001011
1111111110001100
1111111110001100
1111111110001101
1111111110001101
1111111110001110
1111111110001110
1111111110001111
1111111110001111
1111111110010000
1111111110010001
1111111110010001
1111111110010010
1111111110010010
1111111110010011
1111111110010011
1111111110010100
1111111110010100
1111111110010101
1111111110010101
1111111110010110
1111111110010110
1111111110010111
1111111110010111
1111111110011000
1111111110011000
1111111110011001
1111111110011001
1111111110011010
1111111110011010
1111111110011011
1111111110011011
1111111110011100
1111111110011100
1111111110011101
1111111110011101
1111111110011110
1111111110011110
1111111110011111
1111111110011111
1111111110100000
1111111110100000
1111111110100001
1111111110100001
1111111110100010
1111111110100010
1111111110100010
1111111110100011
1111111110100011
1111111110100100
1111111110100100
1111111110100101
1111111110100101
1111111110100110
1111111110100110
1111111110100111
1111111110100111
1111111110101000
1111111110101000
1111111110101000
1111111110101001
1111111110101001
1111111110101010
1111111110101010
1111111110101011
1111111110101011
1111111110101011
1111111110101100
1111111110101100
1111111110101101
1111111110101101
1111111110101110
1111111110101110
1111111110101110
1111111110101111
1111111110101111
1111111110110000
1111111110110000
1111111110110001
1111111110110001
1111111110110001
1111111110110010
1111111110110010
1111111110110011
1111111110110011
1111111110110011
1111111110110100
1111111110110100
1111111110110101
1111111110110101
1111111110110101
1111111110110110
1111111110110110
1111111110110111
1111111110110111
1111111110110111
1111111110111000
1111111110111000
1111111110111001
1111111110111001
1111111110111001
1111111110111010
1111111110111010
1111111110111010
1111111110111011
1111111110111011
1111111110111100
1111111110111100
1111111110111100
1111111110111101
1111111110111101
1111111110111101
1111111110111110
1111111110111110
1111111110111110
1111111110111111
1111111110111111
1111111111000000
1111111111000000
1111111111000000
1111111111000001
1111111111000001
1111111111000001
1111111111000010
1111111111000010
1111111111000010
1111111111000011
1111111111000011
1111111111000011
1111111111000100
1111111111000100
1111111111000100
1111111111000101
1111111111000101
1111111111000101
1111111111000110
1111111111000110
1111111111000110
1111111111000111
1111111111000111
1111111111000111
1111111111001000
1111111111001000
1111111111001000
1111111111001001
1111111111001001
1111111111001001
1111111111001010
1111111111001010
1111111111001010
1111111111001010
1111111111001011
1111111111001011
1111111111001011
1111111111001100
1111111111001100
1111111111001100
1111111111001101
1111111111001101
1111111111001101
1111111111001110
1111111111001110
1111111111001110
1111111111001110
1111111111001111
1111111111001111
1111111111001111
1111111111010000
1111111111010000
1111111111010000
1111111111010000
1111111111010001
1111111111010001
1111111111010001
1111111111010001
1111111111010010
1111111111010010
1111111111010010
1111111111010011
1111111111010011
1111111111010011
1111111111010011
1111111111010100
1111111111010100
1111111111010100
1111111111010100
1111111111010101
1111111111010101
1111111111010101
1111111111010101
1111111111010110
1111111111010110
1111111111010110
1111111111010110
1111111111010111
1111111111010111
1111111111010111
1111111111010111
1111111111011000
1111111111011000
1111111111011000
1111111111011000
1111111111011001
1111111111011001
1111111111011001
1111111111011001
1111111111011010
1111111111011010
1111111111011010
1111111111011010
1111111111011011
1111111111011011
1111111111011011
1111111111011011
1111111111011011
1111111111011100
1111111111011100
1111111111011100
1111111111011100
1111111111011101
1111111111011101
1111111111011101
1111111111011101
1111111111011101
1111111111011110
1111111111011110
1111111111011110
1111111111011110
1111111111011111
1111111111011111
1111111111011111
1111111111011111
1111111111011111
1111111111100000
1111111111100000
1111111111100000
1111111111100000
1111111111100000
1111111111100001
1111111111100001
1111111111100001
1111111111100001
1111111111100001
1111111111100001
1111111111100010
1111111111100010
1111111111100010
1111111111100010
1111111111100010
1111111111100011
1111111111100011
1111111111100011
1111111111100011
1111111111100011
1111111111100100
1111111111100100
1111111111100100
1111111111100100
1111111111100100
1111111111100100
1111111111100101
1111111111100101
1111111111100101
1111111111100101
1111111111100101
1111111111100101
1111111111100110
1111111111100110
1111111111100110
1111111111100110
1111111111100110
1111111111100110
1111111111100111
1111111111100111
1111111111100111
1111111111100111
1111111111100111
1111111111100111
1111111111100111
1111111111101000
1111111111101000
1111111111101000
1111111111101000
1111111111101000
1111111111101000
1111111111101000
1111111111101001
1111111111101001
1111111111101001
1111111111101001
1111111111101001
1111111111101001
1111111111101001
1111111111101010
1111111111101010
1111111111101010
1111111111101010
1111111111101010
1111111111101010
1111111111101010
1111111111101010
1111111111101011
1111111111101011
1111111111101011
1111111111101011
1111111111101011
1111111111101011
1111111111101011
1111111111101011
1111111111101100
1111111111101100
1111111111101100
1111111111101100
1111111111101100
1111111111101100
1111111111101100
1111111111101100
1111111111101100
1111111111101101
1111111111101101
1111111111101101
1111111111101101
1111111111101101
1111111111101101
1111111111101101
1111111111101101
1111111111101101
1111111111101110
1111111111101110
1111111111101110
1111111111101110
1111111111101110
1111111111101110
1111111111101110
1111111111101110
1111111111101110
1111111111101110
1111111111101110
1111111111101111
1111111111101111
1111111111101111
1111111111101111
1111111111101111
1111111111101111
1111111111101111
1111111111101111
1111111111101111
1111111111101111
1111111111101111
1111111111101111
1111111111101111
1111111111110000
1111111111110000
1111111111110000
1111111111110000
1111111111110000
1111111111110000
1111111111110000
1111111111110000
1111111111110000
1111111111110000
1111111111110000
1111111111110000
1111111111110000
1111111111110000
1111111111110000
1111111111110001
1111111111110001
1111111111110001
1111111111110001
1111111111110001
1111111111110001
1111111111110001
1111111111110001
1111111111110001
1111111111110001
1111111111110001
1111111111110001
1111111111110001
1111111111110001
1111111111110001
1111111111110001
1111111111110001
1111111111110001
1111111111110001
1111111111110001
1111111111110001
1111111111110010
1111111111110010
1111111111110010
1111111111110010
1111111111110010
1111111111110010
1111111111110010
1111111111110010
1111111111110010
1111111111110010
1111111111110010
1111111111110010
1111111111110010
1111111111110010
1111111111110010
1111111111110010
1111111111110010
1111111111110010
1111111111110010
1111111111110010
1111111111110010
1111111111110010
1111111111110010
1111111111110010
1111111111110010
1111111111110010
1111111111110010
1111111111110010
1111111111110010
1111111111110010
1111111111110010
1111111111110010
1111111111110010
1111111111110010
1111111111110010
1111111111110010
1111111111110010
1111111111110010
